,buoy_id,datetime,latitude,longitude,sic_monthly
1743,800001,2003-03-15 00:41:43,79.97549,0.41639,0.7699999809265137
1744,800001,2003-03-15 00:56:43,79.97304,0.42431,0.7699999809265137
1745,800001,2003-03-15 01:11:42,79.9705,0.43167,0.7699999809265137
1746,800001,2003-03-15 03:41:36,79.94571,0.48204,0.7699999809265137
1747,800001,2003-03-15 03:56:36,79.94371,0.48605,0.7699999809265137
1748,800001,2003-03-15 04:11:35,79.94179,0.49041,0.7699999809265137
1749,800001,2003-03-15 06:40:31,79.92229,0.53514,0.7699999809265137
1750,800001,2003-03-15 06:55:30,79.92027,0.54054,0.7699999809265137
1751,800001,2003-03-15 07:10:31,79.91822,0.54605,0.7699999809265137
1752,800001,2003-03-15 09:41:12,79.89668,0.59233,0.7699999809265137
1753,800001,2003-03-15 09:56:13,79.89465,0.59499,0.7699999809265137
1754,800001,2003-03-15 10:11:13,79.89269,0.59715,0.7699999809265137
1755,800001,2003-03-15 12:41:11,79.878,0.59893,0.7699999809265137
1756,800001,2003-03-15 12:56:12,79.87717,0.59727,0.7699999809265137
1757,800001,2003-03-15 13:11:11,79.87645,0.59571,0.7699999809265137
1758,800001,2003-03-15 15:40:37,79.87348,0.58253,0.7699999809265137
1759,800001,2003-03-15 15:55:36,79.87352,0.58255,0.7699999809265137
1760,800001,2003-03-15 16:10:37,79.87359,0.58291,0.7699999809265137
1761,800001,2003-03-15 18:41:30,79.873,0.61364,0.7699999809265137
1762,800001,2003-03-15 18:56:31,79.87265,0.61954,0.7699999809265137
1763,800001,2003-03-15 19:11:30,79.87223,0.62596,0.7699999809265137
1764,800001,2003-03-15 21:41:36,79.86319,0.68774,0.7699999809265137
1765,800001,2003-03-15 21:56:37,79.862,0.69255,0.7699999809265137
1766,800001,2003-03-15 22:11:36,79.86078,0.6971,0.7699999809265137
1767,800001,2003-03-16 00:41:12,79.84899,0.72216,0.7699999809265137
1768,800001,2003-03-16 00:56:13,79.84803,0.7228,0.7699999809265137
1769,800001,2003-03-16 01:11:13,79.84712,0.72327,0.7699999809265137
1770,800001,2003-03-16 03:41:12,79.83978,0.71002,0.7699999809265137
1771,800001,2003-03-16 03:56:13,79.83922,0.70794,0.7699999809265137
1772,800001,2003-03-16 04:11:13,79.8387,0.7059,0.7699999809265137
1773,800001,2003-03-16 06:40:35,79.83309,0.6932,0.7699999809265137
1774,800001,2003-03-16 06:55:35,79.83237,0.69225,0.7699999809265137
1775,800001,2003-03-16 07:10:36,79.8316,0.69131,0.7699999809265137
1776,800001,2003-03-16 09:40:43,79.82199,0.66921,0.7699999809265137
1777,800001,2003-03-16 09:55:42,79.82085,0.66546,0.7699999809265137
1778,800001,2003-03-16 10:10:43,79.81971,0.66163,0.7699999809265137
1779,800001,2003-03-16 12:41:36,79.80805,0.61352,0.7699999809265137
1780,800001,2003-03-16 12:56:37,79.8067,0.60759,0.7699999809265137
1781,800001,2003-03-16 13:11:36,79.80531,0.6014,0.7699999809265137
1791,800001,2003-03-17 03:41:43,79.67406,0.56546,0.6000000238418579
1792,800001,2003-03-17 03:56:43,79.67248,0.56816,0.6000000238418579
1793,800001,2003-03-17 04:11:42,79.67085,0.57084,0.6000000238418579
1794,800001,2003-03-17 06:41:12,79.65654,0.59422,0.6000000238418579
1795,800001,2003-03-17 06:56:13,79.65529,0.59732,0.6000000238418579
1796,800001,2003-03-17 07:11:13,79.65409,0.60072,0.6000000238418579
1797,800001,2003-03-17 09:40:43,79.64246,0.63194,0.6000000238418579
1798,800001,2003-03-17 09:55:42,79.64146,0.63259,0.6000000238418579
1799,800001,2003-03-17 10:10:43,79.64056,0.63274,0.6000000238418579
1800,800001,2003-03-17 12:40:43,79.63674,0.61004,0.6000000238418579
1801,800001,2003-03-17 12:55:42,79.637,0.60644,0.6000000238418579
1802,800001,2003-03-17 13:10:43,79.63733,0.60326,0.6000000238418579
1803,800001,2003-03-17 15:41:42,79.63976,0.58582,0.6000000238418579
1804,800001,2003-03-17 15:56:41,79.63968,0.58449,0.6000000238418579
1805,800001,2003-03-17 16:11:41,79.63955,0.58313,0.6000000238418579
1806,800001,2003-03-17 18:41:12,79.63343,0.55781,0.6000000238418579
1807,800001,2003-03-17 18:56:13,79.6323,0.55136,0.6000000238418579
1808,800001,2003-03-17 19:11:13,79.63109,0.54425,0.6000000238418579
1809,800001,2003-03-17 21:40:43,79.61436,0.43339,0.6000000238418579
1810,800001,2003-03-17 21:55:42,79.61232,0.41852,0.6000000238418579
1811,800001,2003-03-17 22:10:43,79.61029,0.40363,0.6000000238418579
1812,800001,2003-03-18 00:40:19,79.58899,0.25372,0.6000000238418579
1813,800001,2003-03-18 00:55:18,79.58668,0.23944,0.6000000238418579
1814,800001,2003-03-18 01:10:18,79.5843,0.22513,0.6000000238418579
1815,800001,2003-03-18 03:41:12,79.55708,0.10134,0.6600000262260437
1816,800001,2003-03-18 03:56:13,79.55376,0.09065,0.6600000262260437
1817,800001,2003-03-18 04:11:13,79.55026,0.07987,0.6600000262260437
1818,800001,2003-03-18 06:40:37,79.50514,0.01379,0.6600000262260437
1819,800001,2003-03-18 06:55:36,79.49979,0.02181,0.6600000262260437
1820,800001,2003-03-18 07:10:37,79.49412,0.02963,0.6600000262260437
1821,800001,2003-03-18 09:40:41,79.43011,0.09977,0.6600000262260437
1822,800001,2003-03-18 09:55:41,79.42358,0.10755,0.6600000262260437
1823,800001,2003-03-18 10:10:42,79.41707,0.11562,0.6600000262260437
1824,800001,2003-03-18 12:41:43,79.35718,0.21274,0.6600000262260437
1825,800001,2003-03-18 12:56:43,79.3519,0.22228,0.6600000262260437
1826,800001,2003-03-18 13:11:42,79.34676,0.23089,0.6600000262260437
1827,800001,2003-03-18 15:41:12,79.30184,0.31141,0.41999998688697815
1828,800001,2003-03-18 15:56:13,79.29782,0.31901,0.41999998688697815
1829,800001,2003-03-18 16:11:13,79.29371,0.32635,0.41999998688697815
1830,800001,2003-03-18 18:41:06,79.25142,0.39799,0.41999998688697815
1831,800001,2003-03-18 18:56:07,79.24744,0.40583,0.41999998688697815
1832,800001,2003-03-18 19:11:07,79.24345,0.41374,0.41999998688697815
1833,800001,2003-03-18 21:40:43,79.2057,0.49275,0.41999998688697815
1834,800001,2003-03-18 21:55:42,79.20222,0.50041,0.41999998688697815
1835,800001,2003-03-18 22:10:43,79.19883,0.50786,0.41999998688697815
1836,800001,2003-03-19 00:41:43,79.17266,0.58593,0.41999998688697815
1837,800001,2003-03-19 00:56:43,79.17103,0.59187,0.41999998688697815
1838,800001,2003-03-19 01:11:42,79.16952,0.59666,0.41999998688697815
1839,800001,2003-03-19 03:41:12,79.15837,0.61923,0.41999998688697815
1840,800001,2003-03-19 03:56:13,79.1574,0.61965,0.41999998688697815
1841,800001,2003-03-19 04:11:13,79.15637,0.61992,0.41999998688697815
1842,800001,2003-03-19 06:40:43,79.14317,0.61299,0.4300000071525574
1843,800001,2003-03-19 06:55:42,79.14159,0.61087,0.4300000071525574
1844,800001,2003-03-19 07:10:43,79.13997,0.60895,0.4300000071525574
1845,800001,2003-03-19 09:40:37,79.12267,0.6084,0.4300000071525574
1846,800001,2003-03-19 09:55:36,79.12113,0.61076,0.4300000071525574
1847,800001,2003-03-19 10:10:37,79.11972,0.61357,0.4300000071525574
1848,800001,2003-03-19 12:40:29,79.11199,0.6409,0.4300000071525574
1849,800001,2003-03-19 12:55:29,79.11166,0.64148,0.4300000071525574
1850,800001,2003-03-19 13:10:30,79.11137,0.64194,0.4300000071525574
1851,800001,2003-03-19 15:41:12,79.10974,0.64121,0.4300000071525574
1852,800001,2003-03-19 15:56:13,79.10943,0.64048,0.4300000071525574
1853,800001,2003-03-19 16:11:13,79.10908,0.63973,0.4300000071525574
1854,800001,2003-03-19 18:40:37,79.10367,0.63779,0.4300000071525574
1855,800001,2003-03-19 18:55:36,79.10308,0.63945,0.4300000071525574
1856,800001,2003-03-19 19:10:37,79.1025,0.64133,0.4300000071525574
1857,800001,2003-03-19 21:41:30,79.09579,0.66434,0.4300000071525574
1858,800001,2003-03-19 21:56:31,79.09511,0.66676,0.4300000071525574
1859,800001,2003-03-19 22:11:30,79.09445,0.66917,0.4300000071525574
1860,800001,2003-03-20 00:40:48,79.09149,0.71597,0.4300000071525574
1861,800001,2003-03-20 00:55:48,79.09245,0.72245,0.4300000071525574
1862,800001,2003-03-20 01:10:49,79.09369,0.72865,0.4300000071525574
1863,800001,2003-03-20 03:41:43,79.11197,0.7595,0.4300000071525574
1864,800001,2003-03-20 03:56:43,79.11364,0.75855,0.4300000071525574
1865,800001,2003-03-20 04:11:42,79.11522,0.75692,0.4300000071525574
1866,800001,2003-03-20 09:40:43,79.13277,0.67272,0.41999998688697815
1867,800001,2003-03-20 09:55:42,79.13278,0.66847,0.4300000071525574
1868,800001,2003-03-20 10:10:43,79.13279,0.66398,0.4300000071525574
1869,800001,2003-03-20 12:41:36,79.13404,0.65207,0.4300000071525574
1870,800001,2003-03-20 12:56:37,79.13438,0.65291,0.4300000071525574
1871,800001,2003-03-20 13:11:36,79.13467,0.65382,0.4300000071525574
1872,800001,2003-03-20 15:41:30,79.1352,0.67036,0.41999998688697815
1873,800001,2003-03-20 15:56:31,79.135,0.67387,0.41999998688697815
1874,800001,2003-03-20 16:11:30,79.13478,0.67776,0.41999998688697815
1875,800001,2003-03-20 18:40:37,79.13091,0.73406,0.41999998688697815
1876,800001,2003-03-20 18:55:36,79.13019,0.73911,0.41999998688697815
1877,800001,2003-03-20 19:10:37,79.12934,0.74363,0.41999998688697815
1878,800001,2003-03-20 21:40:54,79.11629,0.76804,0.41999998688697815
1879,800001,2003-03-20 21:55:54,79.11445,0.76819,0.41999998688697815
1880,800001,2003-03-20 22:10:55,79.11247,0.76776,0.4300000071525574
1881,800001,2003-03-21 00:40:43,79.08966,0.7518,0.4300000071525574
1882,800001,2003-03-21 00:55:42,79.08703,0.75045,0.4300000071525574
1883,800001,2003-03-21 01:10:43,79.08433,0.74916,0.4300000071525574
1884,800001,2003-03-21 03:41:36,79.05193,0.74422,0.17000000178813934
1885,800001,2003-03-21 03:56:37,79.04805,0.74632,0.17000000178813934
1886,800001,2003-03-21 04:11:36,79.04419,0.74949,0.17000000178813934
1887,800001,2003-03-21 06:41:30,79.00389,0.81446,0.17000000178813934
1888,800001,2003-03-21 06:56:31,78.99949,0.82336,0.17000000178813934
1889,800001,2003-03-21 07:11:30,78.99495,0.83522,0.17000000178813934
1890,800001,2003-03-21 09:41:36,78.94386,0.74497,0.17000000178813934
1891,800001,2003-03-21 09:56:36,78.93852,0.10113,0.17000000178813934
1892,800001,2003-03-21 10:11:35,78.93311,-0.62538,0.4399999976158142
1893,800001,2003-03-21 12:41:30,78.87707,-1.25473,0.4399999976158142
1894,800001,2003-03-21 12:56:30,78.87127,-1.27654,0.4399999976158142
1895,800001,2003-03-21 13:11:29,78.86546,-1.30068,0.4399999976158142
1896,800001,2003-03-21 15:41:06,78.81627,-1.52039,0.41999998688697815
1897,800001,2003-03-21 15:56:07,78.8115,-1.53719,0.41999998688697815
1898,800001,2003-03-21 16:11:07,78.80653,-1.55337,0.41999998688697815
1899,800001,2003-03-21 18:40:31,78.75326,-1.71085,0.41999998688697815
1900,800001,2003-03-21 18:55:30,78.74853,-1.72671,0.41999998688697815
1901,800001,2003-03-21 19:10:31,78.74394,-1.74161,0.41999998688697815
1902,800001,2003-03-21 21:41:11,78.70712,-1.85643,0.41999998688697815
1903,800001,2003-03-21 21:56:12,78.70428,-1.86495,0.41999998688697815
1904,800001,2003-03-21 22:11:11,78.70151,-1.87247,0.41999998688697815
1905,800001,2003-03-22 00:41:06,78.67864,-1.91399,0.41999998688697815
1906,800001,2003-03-22 00:56:07,78.67723,-1.91186,0.41999998688697815
1907,800001,2003-03-22 01:11:07,78.67567,-1.91125,0.41999998688697815
1908,800001,2003-03-22 03:40:37,78.65543,-1.91567,0.4399999976158142
1909,800001,2003-03-22 03:55:36,78.65344,-1.91498,0.4399999976158142
1910,800001,2003-03-22 04:10:37,78.65146,-1.91415,0.4399999976158142
1911,800001,2003-03-22 06:41:30,78.63109,-1.89949,0.4399999976158142
1912,800001,2003-03-22 06:56:31,78.62855,-1.89878,0.4399999976158142
1913,800001,2003-03-22 07:11:30,78.62587,-1.89826,0.4399999976158142
1914,800001,2003-03-22 09:41:12,78.59145,-1.93123,0.4399999976158142
1915,800001,2003-03-22 09:56:13,78.58737,-1.93892,0.4399999976158142
1916,800001,2003-03-22 10:11:13,78.58322,-1.94706,0.4399999976158142
1917,800001,2003-03-22 12:40:31,78.54201,-2.03109,0.4399999976158142
1918,800001,2003-03-22 12:55:30,78.53808,-2.03949,0.4399999976158142
1919,800001,2003-03-22 13:10:31,78.53419,-2.04804,0.4399999976158142
1920,800001,2003-03-22 15:41:43,78.49805,-2.13326,0.18000000715255737
1921,800001,2003-03-22 15:56:43,78.49445,-2.14041,0.18000000715255737
1922,800001,2003-03-22 16:11:42,78.49093,-2.14761,0.18000000715255737
1923,800001,2003-03-22 18:41:05,78.4556,-2.23778,0.18000000715255737
1924,800001,2003-03-22 18:56:06,78.4523,-2.24866,0.18000000715255737
1925,800001,2003-03-22 19:11:05,78.44898,-2.26012,0.18000000715255737
1926,800001,2003-03-22 21:41:43,78.41987,-2.39466,0.2199999988079071
1927,800001,2003-03-22 21:56:43,78.41747,-2.40861,0.2199999988079071
1928,800001,2003-03-22 22:11:42,78.41516,-2.42276,0.2199999988079071
1929,800001,2003-03-23 00:41:12,78.39168,-2.53376,0.2199999988079071
1930,800001,2003-03-23 00:56:13,78.38911,-2.54094,0.2199999988079071
1931,800001,2003-03-23 01:11:13,78.38654,-2.54792,0.2199999988079071
1932,800001,2003-03-23 03:40:37,78.36262,-2.62122,0.2199999988079071
1933,800001,2003-03-23 03:55:36,78.36048,-2.63438,0.2199999988079071
1934,800001,2003-03-23 04:10:37,78.35849,-2.65033,0.2199999988079071
1935,800001,2003-03-23 06:41:47,78.34445,-2.87814,0.5
1936,800001,2003-03-23 06:56:46,78.34334,-2.90591,0.5
1937,800001,2003-03-23 07:11:47,78.34232,-2.93397,0.5
1938,800001,2003-03-23 09:40:43,78.33354,-3.22485,0.5
1939,800001,2003-03-23 09:55:42,78.33279,-3.25331,0.5
1940,800001,2003-03-23 10:10:43,78.33208,-3.28205,0.5
1941,800001,2003-03-23 12:41:36,78.3186,-3.57625,0.5699999928474426
1942,800001,2003-03-23 12:56:37,78.31722,-3.60578,0.5699999928474426
1943,800001,2003-03-23 13:11:36,78.3159,-3.6353,0.5699999928474426
1944,800001,2003-03-23 15:41:43,78.29616,-3.90555,0.5699999928474426
1945,800001,2003-03-23 15:56:43,78.29438,-3.92597,0.5699999928474426
1946,800001,2003-03-23 16:11:42,78.29247,-3.94674,0.5699999928474426
1947,800001,2003-03-23 18:41:06,78.25999,-4.14901,0.5699999928474426
1948,800001,2003-03-23 18:56:07,78.25567,-4.1684,0.5699999928474426
1949,800001,2003-03-23 19:11:07,78.25123,-4.18745,0.5699999928474426
225,800002,2004-04-10 01:22:04,72.08446,-17.3265,0.4300000071525574
226,800002,2004-04-10 04:20:47,72.0411,-17.37576,0.4300000071525574
227,800002,2004-04-20 07:21:54,68.50501,-21.47562,0.5899999737739563
228,800002,2004-04-20 07:36:53,68.50191,-21.48598,0.5899999737739563
229,800002,2004-04-20 07:51:54,68.49887,-21.49593,0.5899999737739563
230,800002,2004-04-20 10:21:57,68.47369,-21.58114,0.5899999737739563
231,800002,2004-04-20 10:36:58,68.47131,-21.58886,0.5899999737739563
232,800002,2004-04-20 10:51:57,68.4689,-21.5968,0.5899999737739563
233,800002,2004-04-20 13:21:59,68.44278,-21.69749,0.5899999737739563
234,800002,2004-04-20 13:36:59,68.44001,-21.70943,0.5899999737739563
235,800002,2004-04-20 13:52:00,68.43718,-21.7218,0.5899999737739563
236,800002,2004-04-20 16:20:41,68.40714,-21.86085,0.47999998927116394
237,800002,2004-04-20 16:35:42,68.40371,-21.87524,0.47999998927116394
238,800002,2004-04-20 16:50:42,68.40012,-21.8893,0.47999998927116394
239,800002,2004-04-20 19:20:47,68.36711,-22.01781,0.47999998927116394
240,800002,2004-04-20 19:35:48,68.36412,-22.02876,0.47999998927116394
241,800002,2004-04-20 19:50:47,68.36115,-22.03953,0.47999998927116394
242,800002,2004-04-20 22:22:22,68.33315,-22.13172,0.7599999904632568
243,800002,2004-04-20 22:37:22,68.3305,-22.13914,0.7599999904632568
244,800002,2004-04-20 22:52:21,68.32782,-22.14641,0.7599999904632568
245,800002,2004-04-21 01:21:30,68.29741,-22.22101,0.7599999904632568
246,800002,2004-04-21 01:36:29,68.29374,-22.22999,0.7599999904632568
247,800002,2004-04-21 01:51:29,68.29,-22.23927,0.7599999904632568
248,800002,2004-04-21 04:22:04,68.24554,-22.35938,0.6399999856948853
249,800002,2004-04-21 04:37:05,68.24072,-22.37355,0.6399999856948853
250,800002,2004-04-21 04:52:05,68.23581,-22.38809,0.6399999856948853
251,800002,2004-04-21 07:20:53,68.19175,-22.54078,0.6399999856948853
252,800002,2004-04-21 07:35:54,68.18837,-22.55509,0.6399999856948853
253,800002,2004-04-21 07:50:53,68.18525,-22.5686,0.6399999856948853
254,800002,2004-04-21 10:21:00,68.16507,-22.66915,0.6399999856948853
255,800002,2004-04-21 10:36:00,68.16368,-22.67757,0.6399999856948853
256,800002,2004-04-21 10:50:59,68.16223,-22.68614,0.6399999856948853
257,800002,2004-04-21 14:10:52,68.13431,-22.81395,0.6399999856948853
258,800002,2004-04-21 14:25:53,68.13157,-22.82591,0.6399999856948853
259,800002,2004-04-21 14:40:52,68.1289,-22.83812,0.6399999856948853
260,800002,2004-04-21 17:10:52,68.10336,-22.97799,0.7900000214576721
261,800002,2004-04-21 17:25:53,68.10097,-22.99284,0.7900000214576721
262,800002,2004-04-21 17:40:52,68.09858,-23.00735,0.7900000214576721
263,800002,2004-04-21 20:09:48,68.07278,-23.12495,0.7900000214576721
264,800002,2004-04-21 20:24:49,68.07017,-23.13513,0.7900000214576721
265,800002,2004-04-21 20:39:48,68.06764,-23.14502,0.7900000214576721
266,800002,2004-04-21 23:09:48,68.04595,-23.22669,0.7900000214576721
267,800002,2004-04-21 23:24:48,68.04403,-23.23398,0.7900000214576721
268,800002,2004-04-21 23:39:47,68.04206,-23.24136,0.7900000214576721
269,800002,2004-04-22 02:10:39,68.01619,-23.32646,0.7900000214576721
270,800002,2004-04-22 02:25:39,68.01314,-23.33674,0.7900000214576721
271,800002,2004-04-22 02:40:38,68.01006,-23.3472,0.7900000214576721
272,800002,2004-04-22 05:10:46,67.97736,-23.46043,0.7900000214576721
273,800002,2004-04-22 05:25:47,67.97382,-23.47244,0.7900000214576721
274,800002,2004-04-22 05:40:47,67.97035,-23.48423,0.7900000214576721
275,800002,2004-04-22 08:10:59,67.93586,-23.59348,0.6299999952316284
276,800002,2004-04-22 08:26:00,67.93258,-23.60369,0.6299999952316284
277,800002,2004-04-22 08:41:00,67.9293,-23.61389,0.6299999952316284
278,800002,2004-04-22 11:10:52,67.9,-23.71239,0.6299999952316284
279,800002,2004-04-22 11:25:53,67.8975,-23.7226,0.6299999952316284
280,800002,2004-04-22 11:40:52,67.89505,-23.73278,0.6299999952316284
281,800002,2004-04-22 13:21:24,67.88018,-23.80383,0.6299999952316284
282,800002,2004-04-22 13:36:23,67.87791,-23.81465,0.6299999952316284
283,800002,2004-04-22 13:51:23,67.87556,-23.82528,0.6299999952316284
289,800002,2004-04-22 19:51:57,67.79628,-24.1354,0.7400000095367432
290,800002,2004-04-22 22:21:59,67.76335,-24.24974,0.7400000095367432
291,800002,2004-04-22 22:36:59,67.7606,-24.25981,0.7400000095367432
292,800002,2004-04-22 22:52:00,67.75787,-24.26979,0.7400000095367432
293,800002,2004-04-23 01:21:06,67.73134,-24.36368,0.7400000095367432
294,800002,2004-04-23 01:36:06,67.7286,-24.37194,0.7400000095367432
295,800002,2004-04-23 01:51:05,67.7258,-24.38039,0.7400000095367432
296,800002,2004-04-23 04:20:59,67.6919,-24.48294,0.7400000095367432
297,800002,2004-04-23 04:36:00,67.68801,-24.49518,0.7400000095367432
298,800002,2004-04-23 04:50:59,67.68405,-24.50745,0.7400000095367432
299,800002,2004-04-23 07:21:00,67.64512,-24.62853,0.7400000095367432
300,800002,2004-04-23 07:36:00,67.64145,-24.64036,0.7400000095367432
301,800002,2004-04-23 07:50:59,67.63785,-24.65219,0.7400000095367432
311,800002,2004-04-23 19:22:16,67.47282,-25.23338,0.6700000166893005
312,800002,2004-04-23 19:37:16,67.46787,-25.25378,0.6700000166893005
313,800002,2004-04-23 19:52:15,67.46307,-25.27513,0.6700000166893005
314,800002,2004-04-23 22:20:47,67.42739,-25.48349,0.6700000166893005
315,800002,2004-04-23 22:35:48,67.42493,-25.50179,0.6700000166893005
316,800002,2004-04-23 22:50:47,67.42272,-25.51987,0.6700000166893005
324,800002,2004-04-24 07:35:36,67.33649,-25.95953,0.699999988079071
325,800002,2004-04-24 07:50:36,67.33445,-25.96832,0.699999988079071
326,800002,2004-04-24 10:20:59,67.305,-26.04049,0.699999988079071
327,800002,2004-04-24 10:35:59,67.30076,-26.04721,0.699999988079071
328,800002,2004-04-24 10:50:58,67.29646,-26.05392,0.699999988079071
329,800002,2004-04-24 14:10:21,67.241,-26.16093,0.699999988079071
330,800002,2004-04-24 14:25:22,67.23685,-26.17192,0.699999988079071
331,800002,2004-04-24 14:40:22,67.23269,-26.18355,0.699999988079071
332,800002,2004-04-24 17:10:26,67.19202,-26.32614,0.699999988079071
333,800002,2004-04-24 17:25:27,67.18821,-26.34064,0.699999988079071
334,800002,2004-04-24 17:40:26,67.18454,-26.3547,0.699999988079071
335,800002,2004-04-24 20:10:21,67.15537,-26.46595,0.7799999713897705
336,800002,2004-04-24 20:25:22,67.1529,-26.47486,0.7799999713897705
337,800002,2004-04-24 20:40:22,67.15047,-26.48348,0.7799999713897705
338,800002,2004-04-24 23:10:19,67.12909,-26.54987,0.7799999713897705
339,800002,2004-04-24 23:25:18,67.12705,-26.55576,0.7799999713897705
340,800002,2004-04-24 23:40:18,67.12495,-26.56186,0.7799999713897705
341,800002,2004-04-25 02:10:35,67.10178,-26.63959,0.7799999713897705
342,800002,2004-04-25 02:25:35,67.09934,-26.6493,0.7799999713897705
343,800002,2004-04-25 02:40:36,67.09691,-26.65942,0.7799999713897705
344,800002,2004-04-25 05:10:41,67.07283,-26.78788,0.7799999713897705
345,800002,2004-04-25 05:25:41,67.07069,-26.80293,0.7799999713897705
346,800002,2004-04-25 05:40:42,67.06869,-26.81783,0.7799999713897705
347,800002,2004-04-25 08:10:58,67.05551,-26.92952,0.7799999713897705
348,800002,2004-04-25 08:25:59,67.05459,-26.93753,0.7799999713897705
349,800002,2004-04-25 08:40:58,67.05377,-26.94522,0.7799999713897705
350,800002,2004-04-25 11:10:52,67.04888,-27.00506,0.7799999713897705
351,800002,2004-04-25 11:25:52,67.0483,-27.00971,0.7799999713897705
352,800002,2004-04-25 11:40:51,67.04768,-27.0142,0.7799999713897705
353,800002,2004-04-25 13:21:36,67.04225,-27.04424,0.7799999713897705
354,800002,2004-04-25 13:36:35,67.04118,-27.04906,0.7799999713897705
355,800002,2004-04-25 13:51:35,67.04002,-27.05413,0.7799999713897705
1736,800003,2005-04-22 00:25:20,69.8652,-18.67868,0.6600000262260437
1737,800003,2005-04-22 00:45:20,69.86182,-18.67498,0.6600000262260437
1738,800003,2005-04-22 03:25:26,69.83585,-18.66014,0.6200000047683716
1739,800003,2005-04-22 03:45:26,69.83307,-18.65893,0.6200000047683716
1740,800003,2005-04-22 06:25:58,69.8162,-18.6426,0.6200000047683716
1741,800003,2005-04-22 06:45:58,69.81478,-18.63933,0.6200000047683716
1742,800003,2005-04-22 09:26:28,69.80414,-18.60939,0.6200000047683716
1743,800003,2005-04-22 09:46:28,69.80247,-18.606,0.6200000047683716
1744,800003,2005-04-22 12:25:28,69.78492,-18.58575,0.6200000047683716
1745,800003,2005-04-22 12:45:27,69.78219,-18.58403,0.6200000047683716
1746,800003,2005-04-22 15:25:22,69.75978,-18.57674,0.6200000047683716
1747,800003,2005-04-22 15:45:21,69.75755,-18.57601,0.6200000047683716
1748,800003,2005-04-22 18:26:02,69.7475,-18.56059,0.6200000047683716
1749,800003,2005-04-22 18:46:02,69.74716,-18.55663,0.6200000047683716
1750,800003,2005-04-22 21:25:00,69.7483,-18.51739,0.6200000047683716
1751,800003,2005-04-22 21:45:00,69.74836,-18.51112,0.6200000047683716
1752,800003,2005-04-23 00:25:31,69.74343,-18.45582,0.6200000047683716
1753,800003,2005-04-23 00:45:31,69.74205,-18.44894,0.6200000047683716
1754,800003,2005-04-23 03:26:28,69.72762,-18.40035,0.6200000047683716
1755,800003,2005-04-23 03:46:28,69.72588,-18.39519,0.6200000047683716
1756,800003,2005-04-23 06:25:45,69.71783,-18.3536,0.6200000047683716
1757,800003,2005-04-23 06:45:45,69.71786,-18.34748,0.6200000047683716
1758,800003,2005-04-23 12:25:00,69.71684,-18.21858,0.3499999940395355
1759,800003,2005-04-23 12:45:00,69.71547,-18.20833,0.3499999940395355
1760,800003,2005-04-23 15:26:09,69.69256,-18.14611,0.3499999940395355
1761,800003,2005-04-23 15:46:09,69.68906,-18.14114,0.3499999940395355
1762,800003,2005-04-23 18:25:11,69.66555,-18.12434,0.3499999940395355
1763,800003,2005-04-23 18:45:12,69.66386,-18.12331,0.3499999940395355
1764,800003,2005-04-23 21:25:49,69.66188,-18.09904,0.3499999940395355
1765,800003,2005-04-23 21:45:49,69.66252,-18.0932,0.3499999940395355
1766,800003,2005-04-24 00:25:24,69.66289,-18.03185,0.3499999940395355
1767,800003,2005-04-24 00:45:24,69.66167,-18.02303,0.3499999940395355
1768,800003,2005-04-24 03:25:44,69.64419,-17.96348,0.3499999940395355
1769,800003,2005-04-24 03:45:44,69.64127,-17.95823,0.3499999940395355
1770,800003,2005-04-24 06:26:52,69.6186,-17.93392,0.3499999940395355
1771,800003,2005-04-24 06:46:52,69.61657,-17.93271,0.3499999940395355
1772,800003,2005-04-24 08:41:53,69.60989,-17.92535,0.3499999940395355
1773,800003,2005-04-24 09:01:54,69.60969,-17.92349,0.3499999940395355
1774,800003,2005-04-24 11:41:05,69.61167,-17.89799,0.3499999940395355
1775,800003,2005-04-24 12:01:05,69.61174,-17.8936,0.3499999940395355
1776,800003,2005-04-24 14:41:17,69.6048,-17.85894,0.3499999940395355
1777,800003,2005-04-24 15:01:17,69.60196,-17.85645,0.3499999940395355
1778,800003,2005-04-24 17:41:53,69.57498,-17.84703,0.3499999940395355
1779,800003,2005-04-24 18:01:54,69.57178,-17.84805,0.3499999940395355
1780,800003,2005-04-24 20:42:00,69.55554,-17.85499,0.3499999940395355
1781,800003,2005-04-24 21:02:00,69.55513,-17.85627,0.3499999940395355
1782,800003,2005-04-24 23:41:29,69.55678,-17.85009,0.3499999940395355
1783,800003,2005-04-25 00:01:29,69.55685,-17.84635,0.3499999940395355
1784,800003,2005-04-25 02:41:23,69.55358,-17.81783,0.3499999940395355
1785,800003,2005-04-25 03:01:23,69.55268,-17.81413,0.3499999940395355
1786,800003,2005-04-25 05:41:59,69.53894,-17.77956,0.3499999940395355
1787,800003,2005-04-25 06:02:00,69.5365,-17.77635,0.3499999940395355
1792,800003,2005-04-25 14:41:11,69.49777,-17.82513,0.3499999940395355
1793,800003,2005-04-25 15:01:11,69.49684,-17.82767,0.3499999940395355
1794,800003,2005-04-25 17:41:47,69.48274,-17.8456,0.3499999940395355
1795,800003,2005-04-25 18:01:48,69.48068,-17.8482,0.3499999940395355
1796,800003,2005-04-25 20:41:29,69.46111,-17.88369,0.3100000023841858
1797,800003,2005-04-25 21:01:29,69.45879,-17.89079,0.3100000023841858
1798,800003,2005-04-25 23:42:00,69.44483,-17.96332,0.3100000023841858
1799,800003,2005-04-26 00:02:00,69.44374,-17.97386,0.3100000023841858
1800,800003,2005-04-26 02:41:29,69.43714,-18.05431,0.3100000023841858
1801,800003,2005-04-26 03:01:29,69.43613,-18.06431,0.3100000023841858
1802,800003,2005-04-26 05:42:29,69.42715,-18.13948,0.3100000023841858
1803,800003,2005-04-26 06:02:28,69.42598,-18.14781,0.3100000023841858
1804,800003,2005-04-26 08:41:29,69.41821,-18.20103,0.3100000023841858
1805,800003,2005-04-26 09:01:29,69.41749,-18.20679,0.3100000023841858
1806,800003,2005-04-26 11:40:58,69.4088,-18.25067,0.3100000023841858
1807,800003,2005-04-26 12:00:58,69.40711,-18.25697,0.3100000023841858
1808,800003,2005-04-26 15:26:59,69.3841,-18.34841,0.3100000023841858
1809,800003,2005-04-26 15:46:59,69.38155,-18.35924,0.3100000023841858
1810,800003,2005-04-26 18:25:52,69.36014,-18.44121,0.3100000023841858
1811,800003,2005-04-26 18:45:52,69.35728,-18.44992,0.3100000023841858
1812,800003,2005-04-26 21:25:16,69.33693,-18.50733,0.3100000023841858
1813,800003,2005-04-26 21:45:16,69.33484,-18.51371,0.3100000023841858
1814,800003,2005-04-27 00:26:27,69.31919,-18.56721,0.25999999046325684
1815,800003,2005-04-27 00:46:27,69.31716,-18.57434,0.25999999046325684
1816,800003,2005-04-27 02:41:29,69.30605,-18.62066,0.25999999046325684
1817,800003,2005-04-27 03:01:29,69.30427,-18.62971,0.25999999046325684
1818,800003,2005-04-27 05:41:53,69.29115,-18.69319,0.25999999046325684
1819,800003,2005-04-27 06:01:54,69.28933,-18.69971,0.25999999046325684
1820,800003,2005-04-27 08:41:47,69.27214,-18.75262,0.25999999046325684
1821,800003,2005-04-27 09:01:47,69.26983,-18.76124,0.25999999046325684
1822,800003,2005-04-27 11:41:00,69.25496,-18.84483,0.25999999046325684
1823,800003,2005-04-27 12:00:59,69.25381,-18.85724,0.25999999046325684
1824,800003,2005-04-27 14:40:36,69.2427,-18.94601,0.5099999904632568
1825,800003,2005-04-27 15:00:36,69.24069,-18.95738,0.5099999904632568
1826,800003,2005-04-27 17:40:54,69.2189,-19.06965,0.5099999904632568
1827,800003,2005-04-27 18:00:54,69.21593,-19.08432,0.5099999904632568
1828,800003,2005-04-27 20:41:59,69.19726,-19.18954,0.4300000071525574
1829,800003,2005-04-27 21:01:59,69.19494,-19.19926,0.4300000071525574
1830,800003,2005-04-27 23:41:00,69.17112,-19.26748,0.4300000071525574
1843,800003,2005-04-28 00:00:59,69.16779,-19.2766,0.4300000071525574
1844,800003,2005-04-28 02:41:35,69.13872,-19.36065,0.4300000071525574
1845,800003,2005-04-28 03:01:35,69.13426,-19.37278,0.4300000071525574
1846,800003,2005-04-28 05:41:59,69.09839,-19.47934,0.4300000071525574
1847,800003,2005-04-28 06:02:00,69.09383,-19.49192,0.4300000071525574
1848,800003,2005-04-28 08:41:00,69.05661,-19.58705,0.4300000071525574
1849,800003,2005-04-28 09:00:59,69.05212,-19.59513,0.4300000071525574
1850,800003,2005-04-28 11:41:29,69.018,-19.66746,0.3799999952316284
1851,800003,2005-04-28 12:01:29,69.01365,-19.67555,0.3799999952316284
1852,800003,2005-04-28 14:40:36,68.97795,-19.74211,0.3799999952316284
1853,800003,2005-04-28 15:00:36,68.97338,-19.75092,0.3799999952316284
1854,800003,2005-04-28 17:41:23,68.9391,-19.83242,0.3799999952316284
1855,800003,2005-04-28 18:01:23,68.93397,-19.84232,0.3799999952316284
1856,800003,2005-04-28 20:42:27,68.89114,-19.93434,0.3799999952316284
1857,800003,2005-04-28 21:02:27,68.88621,-19.94725,0.3799999952316284
1858,800003,2005-04-28 23:41:41,68.84527,-20.04933,0.30000001192092896
1871,800003,2005-04-29 00:01:41,68.84138,-20.06016,0.30000001192092896
1872,800003,2005-04-29 02:42:00,68.79615,-20.14316,0.30000001192092896
1873,800003,2005-04-29 03:02:00,68.79118,-20.15333,0.30000001192092896
1874,800003,2005-04-29 05:41:28,68.75281,-20.22913,0.30000001192092896
1875,800003,2005-04-29 06:01:28,68.74669,-20.2346,0.30000001192092896
1876,800003,2005-04-29 08:41:00,68.68927,-20.2955,0.30000001192092896
1877,800003,2005-04-29 09:00:59,68.68195,-20.30807,0.30000001192092896
1878,800003,2005-04-29 11:41:29,68.63101,-20.4031,0.4000000059604645
1879,800003,2005-04-29 12:01:29,68.62461,-20.41316,0.4000000059604645
1880,800003,2005-04-29 14:41:53,68.57298,-20.49635,0.4000000059604645
1881,800003,2005-04-29 15:01:53,68.56704,-20.50812,0.4000000059604645
1894,800003,2005-04-30 08:46:11,68.28566,-21.12784,0.20999999344348907
1895,800003,2005-04-30 09:06:10,68.28037,-21.13948,0.20999999344348907
1896,800003,2005-04-30 11:43:42,68.25229,-21.24096,0.20999999344348907
1897,800003,2005-04-30 12:03:42,68.24901,-21.25299,0.20999999344348907
1898,800003,2005-04-30 20:44:23,68.17538,-21.37207,0.20999999344348907
1899,800003,2005-04-30 21:04:22,68.17261,-21.37899,0.20999999344348907
1900,800003,2005-04-30 23:42:56,68.15703,-21.42372,0.20999999344348907
1913,800003,2005-05-01 00:02:56,68.15508,-21.4287,0.3799999952316284
1914,800003,2005-05-01 02:42:16,68.1488,-21.4498,0.3799999952316284
1915,800003,2005-05-01 03:02:15,68.14888,-21.45063,0.3799999952316284
1916,800003,2005-05-01 05:58:06,68.15121,-21.46707,0.3799999952316284
1917,800003,2005-05-01 06:18:06,68.15092,-21.46744,0.3799999952316284
1918,800003,2005-05-01 08:44:46,68.14105,-21.48014,0.3799999952316284
1919,800003,2005-05-01 09:04:46,68.1394,-21.48462,0.3799999952316284
1920,800003,2005-05-01 11:55:14,68.1359,-21.54025,0.3799999952316284
1921,800003,2005-05-01 12:15:14,68.13677,-21.54794,0.3799999952316284
1922,800003,2005-05-01 14:42:29,68.15115,-21.59185,0.3799999952316284
1923,800003,2005-05-01 15:02:28,68.15435,-21.59708,0.3799999952316284
1924,800003,2005-05-01 17:44:41,68.18523,-21.63461,0.550000011920929
1925,800003,2005-05-01 18:04:41,68.1891,-21.63957,0.550000011920929
1926,800003,2005-05-01 20:46:16,68.21209,-21.70469,0.550000011920929
1927,800003,2005-05-01 21:06:16,68.2152,-21.71459,0.550000011920929
1928,800003,2005-05-01 23:48:16,68.25498,-21.78608,0.550000011920929
1941,800003,2005-05-02 00:08:16,68.26024,-21.79331,0.550000011920929
1942,800003,2005-05-02 02:42:29,68.29519,-21.81976,0.550000011920929
1943,800003,2005-05-02 03:02:28,68.29911,-21.8258,0.550000011920929
1944,800003,2005-05-02 11:46:56,68.39552,-22.01947,0.6899999976158142
1945,800003,2005-05-02 12:06:55,68.39846,-22.01502,0.6899999976158142
1946,800003,2005-05-02 14:42:35,68.40523,-21.98884,0.550000011920929
1947,800003,2005-05-02 15:02:34,68.40551,-21.99035,0.6899999976158142
1948,800003,2005-05-02 17:42:27,68.41077,-22.02713,0.6899999976158142
1949,800003,2005-05-02 18:02:27,68.41251,-22.03765,0.6899999976158142
1950,800003,2005-05-02 20:41:15,68.3924,-22.11772,0.6899999976158142
1951,800003,2005-05-02 21:01:16,68.38479,-22.12659,0.6899999976158142
1952,800003,2005-05-02 23:41:21,68.32638,-22.17949,0.6899999976158142
1965,800003,2005-05-03 00:01:22,68.32022,-22.18061,0.6899999976158142
1966,800003,2005-05-03 02:41:47,68.28936,-22.16881,0.6899999976158142
1967,800003,2005-05-03 03:01:48,68.2886,-22.1638,0.6899999976158142
1968,800003,2005-05-03 05:41:22,68.29482,-22.11985,0.6899999976158142
1969,800003,2005-05-03 06:01:22,68.29591,-22.11352,0.550000011920929
1970,800003,2005-05-03 08:41:28,68.30373,-22.08527,0.550000011920929
1971,800003,2005-05-03 09:01:28,68.30451,-22.08402,0.550000011920929
1972,800003,2005-05-03 11:41:58,68.30266,-22.06904,0.550000011920929
1973,800003,2005-05-03 12:01:58,68.3017,-22.06792,0.550000011920929
1974,800003,2005-05-03 15:27:38,68.29098,-22.07425,0.550000011920929
1975,800003,2005-05-03 15:47:38,68.29123,-22.07496,0.550000011920929
1976,800003,2005-05-03 18:26:52,68.30296,-22.07409,0.550000011920929
1977,800003,2005-05-03 18:46:52,68.30477,-22.07423,0.550000011920929
1978,800003,2005-05-03 21:25:28,68.31814,-22.06878,0.550000011920929
1979,800003,2005-05-03 21:45:27,68.31846,-22.06782,0.550000011920929
1992,800003,2005-05-04 00:26:09,68.30996,-22.07573,0.550000011920929
1993,800003,2005-05-04 00:46:09,68.30804,-22.07903,0.550000011920929
1994,800003,2005-05-04 03:25:26,68.28454,-22.11383,0.550000011920929
1995,800003,2005-05-04 03:45:26,68.2818,-22.12106,0.550000011920929
1996,800003,2005-05-04 06:25:30,68.27511,-22.17552,0.6899999976158142
1997,800003,2005-05-04 06:45:30,68.2755,-22.1811,0.6899999976158142
1998,800003,2005-05-04 09:26:00,68.28051,-22.199,0.6899999976158142
1999,800003,2005-05-04 09:45:59,68.27997,-22.19974,0.6899999976158142
2000,800003,2005-05-04 12:25:29,68.26548,-22.20501,0.6899999976158142
2001,800003,2005-05-04 12:45:29,68.26184,-22.20484,0.6899999976158142
2002,800003,2005-05-04 15:25:29,68.22915,-22.21508,0.6899999976158142
2003,800003,2005-05-04 15:45:29,68.22524,-22.22059,0.5400000214576721
2004,800003,2005-05-04 18:25:20,68.20736,-22.28791,0.5400000214576721
2005,800003,2005-05-04 18:45:20,68.20798,-22.29453,0.5400000214576721
2006,800003,2005-05-04 21:25:09,68.21885,-22.32043,0.5400000214576721
2007,800003,2005-05-04 21:45:08,68.21949,-22.31876,0.5400000214576721
2020,800003,2005-05-05 00:26:19,68.21627,-22.28997,0.5400000214576721
2021,800003,2005-05-05 00:46:18,68.21482,-22.28537,0.5400000214576721
2022,800003,2005-05-05 03:25:17,68.19689,-22.26016,0.5400000214576721
2023,800003,2005-05-05 03:45:17,68.19478,-22.25823,0.5400000214576721
2024,800003,2005-05-05 06:26:32,68.1812,-22.24379,0.3499999940395355
2025,800003,2005-05-05 06:46:31,68.18015,-22.24247,0.3499999940395355
2026,800003,2005-05-05 09:26:15,68.17673,-22.2425,0.3499999940395355
2027,800003,2005-05-05 09:46:15,68.17771,-22.2428,0.3499999940395355
2028,800003,2005-05-05 12:25:54,68.18652,-22.2716,0.5400000214576721
2029,800003,2005-05-05 12:45:54,68.18678,-22.27579,0.5400000214576721
2030,800003,2005-05-05 15:25:18,68.17967,-22.28041,0.5400000214576721
2031,800003,2005-05-05 15:45:18,68.17779,-22.27602,0.5400000214576721
2032,800003,2005-05-05 18:25:13,68.16329,-22.23182,0.3499999940395355
2033,800003,2005-05-05 18:45:13,68.16112,-22.2265,0.3499999940395355
2034,800003,2005-05-05 21:26:21,68.14697,-22.21524,0.3499999940395355
2035,800003,2005-05-05 21:46:21,68.14656,-22.21608,0.3499999940395355
2048,800003,2005-05-06 00:25:37,68.14604,-22.21564,0.3499999940395355
2049,800003,2005-05-06 00:45:37,68.14594,-22.2155,0.3499999940395355
2050,800003,2005-05-06 03:26:54,68.14002,-22.21338,0.3499999940395355
2051,800003,2005-05-06 03:46:54,68.139,-22.21014,0.3499999940395355
2052,800003,2005-05-06 06:26:29,68.12467,-22.16241,0.3499999940395355
2053,800003,2005-05-06 06:46:29,68.12229,-22.15634,0.3499999940395355
2054,800003,2005-05-06 09:25:26,68.10718,-22.11962,0.3499999940395355
2055,800003,2005-05-06 09:45:26,68.1058,-22.11551,0.3499999940395355
2056,800003,2005-05-06 12:26:45,68.08706,-22.11277,0.3499999940395355
2057,800003,2005-05-06 12:46:45,68.08496,-22.11494,0.3499999940395355
2058,800003,2005-05-06 15:25:58,68.06996,-22.14236,0.3499999940395355
2059,800003,2005-05-06 15:45:58,68.06825,-22.14226,0.3499999940395355
2060,800003,2005-05-06 18:27:04,68.05279,-22.12739,0.3499999940395355
2061,800003,2005-05-06 18:47:04,68.05043,-22.12497,0.3499999940395355
2062,800003,2005-05-06 21:25:45,68.02949,-22.11911,0.3499999940395355
2063,800003,2005-05-06 21:45:45,68.02723,-22.12233,0.3499999940395355
2076,800003,2005-05-07 00:26:22,68.01224,-22.17153,0.3499999940395355
2077,800003,2005-05-07 00:46:22,68.01047,-22.17889,0.3499999940395355
2078,800003,2005-05-07 03:26:34,68.00347,-22.25077,0.3499999940395355
2079,800003,2005-05-07 03:46:35,68.0027,-22.25783,0.3499999940395355
2080,800003,2005-05-07 06:26:23,68.00175,-22.28948,0.3499999940395355
2081,800003,2005-05-07 06:46:23,68.00213,-22.28808,0.3499999940395355
2082,800003,2005-05-07 08:42:16,68.00081,-22.26273,0.3499999940395355
2083,800003,2005-05-07 09:02:15,67.99993,-22.25791,0.3499999940395355
2084,800003,2005-05-07 11:41:00,67.98968,-22.25795,0.20000000298023224
2085,800003,2005-05-07 12:00:59,67.98896,-22.26364,0.20000000298023224
2086,800003,2005-05-07 14:41:00,67.99303,-22.33486,0.20000000298023224
2087,800003,2005-05-07 15:00:59,67.99479,-22.34364,0.20000000298023224
2088,800003,2005-05-07 17:41:41,68.01756,-22.36325,0.3499999940395355
2089,800003,2005-05-07 18:01:41,68.02075,-22.3572,0.3499999940395355
2090,800003,2005-05-07 20:41:30,68.03587,-22.26184,0.3499999940395355
2091,800003,2005-05-07 21:01:30,68.03655,-22.24874,0.3499999940395355
2092,800003,2005-05-07 23:41:53,68.03842,-22.16932,0.3499999940395355
2105,800003,2005-05-08 00:01:54,68.03785,-22.16405,0.3499999940395355
2106,800003,2005-05-08 03:25:56,68.03501,-22.17148,0.3499999940395355
2107,800003,2005-05-08 03:45:56,68.03559,-22.17532,0.3499999940395355
2108,800003,2005-05-08 06:25:54,68.04845,-22.17389,0.3499999940395355
2109,800003,2005-05-08 06:45:54,68.05116,-22.16585,0.3499999940395355
2110,800003,2005-05-08 09:25:13,68.06248,-22.06918,0.3499999940395355
2111,800003,2005-05-08 09:45:13,68.06291,-22.05674,0.3499999940395355
2112,800003,2005-05-08 12:26:20,68.06189,-21.9714,0.3499999940395355
2113,800003,2005-05-08 12:46:20,68.06087,-21.96596,0.3499999940395355
2114,800003,2005-05-08 14:41:00,68.05352,-21.95734,0.3499999940395355
2115,800003,2005-05-08 15:00:59,68.05273,-21.9583,0.3499999940395355
2116,800003,2005-05-08 17:41:30,68.04975,-21.97006,0.3499999940395355
2117,800003,2005-05-08 18:01:30,68.04939,-21.96878,0.3499999940395355
2118,800003,2005-05-08 20:41:04,68.04643,-21.93496,0.3499999940395355
2119,800003,2005-05-08 21:01:04,68.04598,-21.93029,0.3499999940395355
2120,800003,2005-05-08 23:41:29,68.04056,-21.91452,0.3499999940395355
2133,800003,2005-05-09 00:01:29,68.03976,-21.91815,0.3499999940395355
555,800004,2006-01-17 07:24:23,73.63716,-16.54287,0.7799999713897705
556,800004,2006-01-17 07:42:23,73.62571,-16.56603,0.7799999713897705
764,800004,2006-01-23 19:24:22,71.45769,-19.38884,0.7300000190734863
765,800004,2006-01-23 19:42:22,71.45543,-19.38487,0.7300000190734863
766,800004,2006-01-23 23:25:21,71.42531,-19.32797,0.7300000190734863
767,800004,2006-01-23 23:43:21,71.42322,-19.32397,0.7300000190734863
789,800004,2006-01-24 04:04:54,71.40656,-19.25274,0.7300000190734863
790,800004,2006-01-24 04:22:54,71.40631,-19.24498,0.7300000190734863
791,800004,2006-01-24 08:04:14,71.39547,-19.16172,0.7300000190734863
792,800004,2006-01-24 08:22:14,71.39414,-19.15525,0.7300000190734863
793,800004,2006-01-24 12:05:41,71.37391,-19.09465,0.7300000190734863
794,800004,2006-01-24 12:23:41,71.37236,-19.08953,0.7300000190734863
795,800004,2006-01-24 15:25:44,71.35864,-19.06244,0.7300000190734863
796,800004,2006-01-24 15:43:44,71.35738,-19.05953,0.7300000190734863
797,800004,2006-01-24 19:25:33,71.33419,-19.00139,0.7300000190734863
798,800004,2006-01-24 19:43:33,71.33121,-18.99647,0.7300000190734863
799,800004,2006-01-24 23:25:21,71.28348,-18.95553,0.7300000190734863
800,800004,2006-01-24 23:43:21,71.2792,-18.95302,0.7300000190734863
821,800004,2006-01-25 03:26:14,71.24894,-18.88916,0.5
822,800004,2006-01-25 03:44:14,71.24687,-18.88204,0.5
823,800004,2006-01-25 07:25:51,71.229,-18.75007,0.5
824,800004,2006-01-25 07:43:51,71.2271,-18.73631,0.5
825,800004,2006-01-25 11:25:15,71.21676,-18.5725,0.5
826,800004,2006-01-25 11:43:15,71.2154,-18.5601,0.5
827,800004,2006-01-25 15:25:44,71.18855,-18.40429,0.5
828,800004,2006-01-25 15:43:44,71.18592,-18.39566,0.5
829,800004,2006-01-25 19:25:08,71.1629,-18.33475,0.5
830,800004,2006-01-25 19:43:08,71.16187,-18.33272,0.5
831,800004,2006-01-25 23:24:21,71.15642,-18.2459,0.30000001192092896
832,800004,2006-01-25 23:42:21,71.15518,-18.23484,0.30000001192092896
854,800004,2006-01-26 03:25:56,71.12521,-18.15398,0.30000001192092896
855,800004,2006-01-26 03:43:56,71.1228,-18.15194,0.30000001192092896
856,800004,2006-01-26 07:25:51,71.10612,-18.17095,0.30000001192092896
857,800004,2006-01-26 07:43:51,71.1064,-18.17187,0.30000001192092896
858,800004,2006-01-26 11:25:21,71.11061,-18.13844,0.30000001192092896
859,800004,2006-01-26 11:43:21,71.11048,-18.13359,0.30000001192092896
860,800004,2006-01-26 15:25:26,71.09911,-18.09354,0.30000001192092896
861,800004,2006-01-26 15:43:26,71.09804,-18.09306,0.30000001192092896
862,800004,2006-01-26 19:25:14,71.09987,-18.09997,0.30000001192092896
863,800004,2006-01-26 19:43:14,71.10124,-18.10182,0.30000001192092896
864,800004,2006-01-26 23:25:09,71.12469,-18.08207,0.30000001192092896
865,800004,2006-01-26 23:43:09,71.12664,-18.07557,0.30000001192092896
889,800004,2006-01-27 03:26:14,71.13519,-17.95623,0.30000001192092896
890,800004,2006-01-27 03:44:14,71.13622,-17.94707,0.30000001192092896
891,800004,2006-01-27 07:25:26,71.16476,-17.84153,0.30000001192092896
892,800004,2006-01-27 07:43:26,71.16808,-17.83241,0.30000001192092896
893,800004,2006-01-27 11:24:50,71.21187,-17.64408,0.2199999988079071
894,800004,2006-01-27 11:42:50,71.21457,-17.62204,0.2199999988079071
989,800004,2006-01-30 03:24:51,71.26283,-17.39159,0.2199999988079071
990,800004,2006-01-30 03:42:51,71.26471,-17.39815,0.2199999988079071
991,800004,2006-01-30 07:24:56,71.28429,-17.45005,0.2199999988079071
992,800004,2006-01-30 07:42:56,71.2854,-17.45137,0.2199999988079071
993,800004,2006-01-30 11:24:50,71.29332,-17.44452,0.2199999988079071
994,800004,2006-01-30 11:42:50,71.29274,-17.44323,0.2199999988079071
995,800004,2006-01-30 15:26:14,71.29281,-17.46026,0.2199999988079071
996,800004,2006-01-30 15:44:14,71.29321,-17.46313,0.2199999988079071
997,800004,2006-01-30 19:25:33,71.31486,-17.44748,0.2199999988079071
998,800004,2006-01-30 19:43:33,71.31741,-17.43834,0.2199999988079071
999,800004,2006-01-30 23:25:15,71.33721,-17.28693,0.2199999988079071
1000,800004,2006-01-30 23:43:15,71.33687,-17.27722,0.2199999988079071
1054,800004,2006-02-01 07:24:22,71.33959,-17.25435,0.28999999165534973
1055,800004,2006-02-01 07:42:22,71.3407,-17.25939,0.28999999165534973
1056,800004,2006-02-01 11:25:30,71.3597,-17.27016,0.28999999165534973
1057,800004,2006-02-01 11:43:30,71.36104,-17.26847,0.28999999165534973
1058,800004,2006-02-01 15:25:56,71.36555,-17.30413,0.28999999165534973
1059,800004,2006-02-01 15:43:56,71.366,-17.311,0.28999999165534973
1060,800004,2006-02-01 19:25:08,71.38669,-17.38618,0.28999999165534973
1061,800004,2006-02-01 19:43:08,71.3889,-17.38917,0.28999999165534973
1062,800004,2006-02-01 23:25:03,71.40726,-17.42359,0.28999999165534973
1063,800004,2006-02-01 23:43:03,71.4077,-17.4289,0.28999999165534973
1086,800004,2006-02-02 03:25:44,71.40249,-17.53936,0.28999999165534973
1087,800004,2006-02-02 03:43:44,71.40211,-17.55162,0.28999999165534973
1088,800004,2006-02-02 07:25:33,71.41599,-17.69615,0.28999999165534973
1089,800004,2006-02-02 07:43:33,71.4178,-17.7063,0.28999999165534973
1090,800004,2006-02-02 11:24:57,71.43301,-17.81183,0.28999999165534973
1091,800004,2006-02-02 11:42:57,71.4338,-17.82,0.28999999165534973
1092,800004,2006-02-02 15:25:44,71.43877,-17.913,0.5699999928474426
1093,800004,2006-02-02 15:43:44,71.43816,-17.92022,0.5699999928474426
1094,800004,2006-02-02 19:25:02,71.42449,-18.03733,0.5699999928474426
1095,800004,2006-02-02 19:43:02,71.42338,-18.04942,0.5699999928474426
1096,800004,2006-02-02 23:25:56,71.40488,-18.18679,0.5699999928474426
1097,800004,2006-02-02 23:43:56,71.40108,-18.1991,0.5699999928474426
1119,800004,2006-02-03 03:24:58,71.33369,-18.3525,0.5699999928474426
1120,800004,2006-02-03 03:42:58,71.32579,-18.36795,0.5699999928474426
1121,800004,2006-02-03 07:25:03,71.2185,-18.55582,0.6100000143051147
1122,800004,2006-02-03 07:43:03,71.20919,-18.56801,0.6100000143051147
1123,800004,2006-02-03 11:24:21,71.10247,-18.6962,0.6499999761581421
1124,800004,2006-02-03 11:42:21,71.09447,-18.70385,0.6499999761581421
1125,800004,2006-02-03 15:26:14,70.97966,-18.78628,0.6499999761581421
1126,800004,2006-02-03 15:44:14,70.96977,-18.79298,0.6499999761581421
1127,800004,2006-02-03 19:25:45,70.85747,-18.8425,0.699999988079071
1128,800004,2006-02-03 19:43:45,70.84959,-18.84208,0.699999988079071
1129,800004,2006-02-03 23:25:39,70.76324,-18.78184,0.5
1130,800004,2006-02-03 23:43:39,70.75613,-18.77249,0.5
1154,800004,2006-02-04 03:24:57,70.66774,-18.67298,0.5
1155,800004,2006-02-04 03:42:57,70.6609,-18.668,0.5
1156,800004,2006-02-04 07:25:51,70.58625,-18.62511,0.5699999928474426
1157,800004,2006-02-04 07:43:51,70.58072,-18.62205,0.5699999928474426
1158,800004,2006-02-04 11:25:43,70.51622,-18.58707,0.5699999928474426
1159,800004,2006-02-04 11:43:43,70.51121,-18.58727,0.5699999928474426
1160,800004,2006-02-04 15:24:45,70.45462,-18.61341,0.5699999928474426
1161,800004,2006-02-04 15:42:45,70.44928,-18.61801,0.5699999928474426
1162,800004,2006-02-04 19:25:33,70.37689,-18.69129,0.36000001430511475
1163,800004,2006-02-04 19:43:33,70.36969,-18.69712,0.36000001430511475
1164,800004,2006-02-04 23:24:56,70.26456,-18.81617,0.4699999988079071
1165,800004,2006-02-04 23:42:56,70.25693,-18.83328,0.4699999988079071
1189,800004,2006-02-05 03:25:26,70.18579,-18.98364,0.4699999988079071
1190,800004,2006-02-05 03:43:26,70.17997,-18.98742,0.4699999988079071
1191,800004,2006-02-05 07:25:14,70.10778,-19.00639,0.5
1192,800004,2006-02-05 07:43:14,70.10216,-19.00535,0.5
1193,800004,2006-02-05 11:25:12,70.00286,-19.05844,0.5
1194,800004,2006-02-05 11:43:12,69.99411,-19.07075,0.5
1195,800004,2006-02-05 15:25:38,69.92405,-19.19454,0.4699999988079071
1196,800004,2006-02-05 15:43:38,69.92039,-19.20344,0.4699999988079071
1197,800004,2006-02-05 19:25:14,69.8743,-19.25323,0.4699999988079071
1198,800004,2006-02-05 19:43:14,69.86927,-19.25401,0.4699999988079071
1199,800004,2006-02-05 23:25:15,69.80594,-19.30139,0.4699999988079071
1200,800004,2006-02-05 23:43:15,69.80232,-19.30742,0.4699999988079071
1223,800004,2006-02-06 03:25:32,69.77534,-19.3802,0.4699999988079071
1224,800004,2006-02-06 03:43:32,69.77389,-19.38356,0.4699999988079071
1225,800004,2006-02-06 07:24:28,69.75512,-19.37695,0.4699999988079071
1226,800004,2006-02-06 07:42:28,69.75251,-19.37382,0.4699999988079071
1227,800004,2006-02-06 11:25:39,69.70294,-19.34969,0.44999998807907104
1228,800004,2006-02-06 11:43:39,69.6988,-19.35088,0.44999998807907104
1229,800004,2006-02-06 15:25:44,69.65898,-19.38755,0.44999998807907104
1230,800004,2006-02-06 15:43:44,69.65727,-19.39085,0.44999998807907104
1231,800004,2006-02-06 19:25:14,69.6324,-19.40084,0.44999998807907104
1232,800004,2006-02-06 19:43:14,69.62956,-19.40012,0.44999998807907104
1233,800004,2006-02-06 23:26:11,69.58464,-19.39267,0.44999998807907104
1234,800004,2006-02-06 23:44:11,69.58032,-19.3931,0.44999998807907104
1256,800004,2006-02-07 03:25:12,69.51963,-19.45023,0.44999998807907104
1257,800004,2006-02-07 03:43:12,69.51401,-19.45977,0.44999998807907104
1258,800004,2006-02-07 07:24:22,69.45013,-19.65177,0.4099999964237213
1259,800004,2006-02-07 07:42:22,69.44547,-19.66997,0.4099999964237213
1260,800004,2006-02-07 11:25:33,69.39168,-19.90259,0.4099999964237213
1261,800004,2006-02-07 11:43:33,69.3869,-19.91899,0.4099999964237213
1262,800004,2006-02-07 15:24:57,69.32336,-20.07695,0.3400000035762787
1263,800004,2006-02-07 15:42:57,69.31806,-20.09102,0.3400000035762787
1264,800004,2006-02-07 19:24:44,69.26446,-20.21136,0.3400000035762787
1265,800004,2006-02-07 19:42:44,69.26095,-20.2168,0.3400000035762787
1266,800004,2006-02-07 23:26:11,69.2198,-20.2471,0.3400000035762787
1267,800004,2006-02-07 23:44:11,69.21611,-20.24607,0.3400000035762787
1290,800004,2006-02-08 03:25:14,69.16267,-20.22867,0.3400000035762787
1291,800004,2006-02-08 03:43:14,69.15796,-20.2292,0.3400000035762787
1292,800004,2006-02-08 07:24:56,69.10206,-20.23598,0.28999999165534973
1293,800004,2006-02-08 07:42:56,69.09817,-20.23651,0.28999999165534973
1294,800004,2006-02-08 11:25:33,69.06571,-20.26594,0.28999999165534973
1295,800004,2006-02-08 11:43:33,69.06429,-20.26897,0.28999999165534973
1296,800004,2006-02-08 15:25:32,69.04813,-20.26369,0.28999999165534973
1297,800004,2006-02-08 15:43:32,69.0471,-20.25881,0.28999999165534973
1298,800004,2006-02-08 19:24:56,69.0159,-20.18752,0.28999999165534973
1299,800004,2006-02-08 19:42:56,69.01233,-20.18449,0.28999999165534973
1300,800004,2006-02-08 23:24:44,68.95764,-20.23646,0.28999999165534973
1301,800004,2006-02-08 23:42:44,68.95345,-20.2489,0.28999999165534973
1326,800004,2006-02-09 03:25:32,68.91982,-20.39929,0.28999999165534973
1327,800004,2006-02-09 03:43:32,68.918,-20.40839,0.28999999165534973
1328,800004,2006-02-09 07:25:20,68.89907,-20.48166,0.23000000417232513
1329,800004,2006-02-09 07:43:20,68.89695,-20.48617,0.23000000417232513
1330,800004,2006-02-09 11:25:14,68.85819,-20.58704,0.23000000417232513
1331,800004,2006-02-09 11:43:14,68.85551,-20.60049,0.23000000417232513
1332,800004,2006-02-09 15:25:32,68.84042,-20.77618,0.23000000417232513
1333,800004,2006-02-09 15:43:32,68.83994,-20.7884,0.23000000417232513
1334,800004,2006-02-09 19:25:51,68.83788,-20.90952,0.3700000047683716
1335,800004,2006-02-09 19:43:51,68.8376,-20.91803,0.3700000047683716
1336,800004,2006-02-09 23:25:33,68.82288,-21.06183,0.3700000047683716
1337,800004,2006-02-09 23:43:33,68.82162,-21.07738,0.3700000047683716
1358,800004,2006-02-10 03:25:26,68.81135,-21.27074,0.3700000047683716
1359,800004,2006-02-10 03:43:26,68.80957,-21.28094,0.3700000047683716
1360,800004,2006-02-10 07:24:44,68.78513,-21.37962,0.3199999928474426
1361,800004,2006-02-10 07:42:44,68.78328,-21.38821,0.3199999928474426
1362,800004,2006-02-10 11:26:13,68.75914,-21.53664,0.3199999928474426
1363,800004,2006-02-10 11:44:13,68.75722,-21.55226,0.3199999928474426
1364,800004,2006-02-10 15:24:45,68.72697,-21.75415,0.49000000953674316
1365,800004,2006-02-10 15:42:45,68.72356,-21.77076,0.49000000953674316
1366,800004,2006-02-10 19:24:44,68.67371,-21.98951,0.4099999964237213
1367,800004,2006-02-10 19:42:44,68.66985,-22.00996,0.4099999964237213
1368,800004,2006-02-10 23:25:45,68.62916,-22.27081,0.4099999964237213
1369,800004,2006-02-10 23:43:45,68.62637,-22.29235,0.4099999964237213
1394,800004,2006-02-11 03:24:46,68.58398,-22.55442,0.5799999833106995
1395,800004,2006-02-11 03:42:46,68.57899,-22.57732,0.5799999833106995
1396,800004,2006-02-11 07:24:46,68.51136,-22.84161,0.5299999713897705
1397,800004,2006-02-11 07:42:46,68.50655,-22.86042,0.5299999713897705
1398,800004,2006-02-11 11:25:50,68.45855,-23.05993,0.5299999713897705
1399,800004,2006-02-11 11:43:50,68.45487,-23.07504,0.5299999713897705
1400,800004,2006-02-11 15:25:43,68.40437,-23.2809,0.5299999713897705
1401,800004,2006-02-11 15:43:43,68.40007,-23.29877,0.5299999713897705
1402,800004,2006-02-11 19:25:14,68.35312,-23.50006,0.6299999952316284
1403,800004,2006-02-11 19:43:14,68.35034,-23.51317,0.6299999952316284
1404,800004,2006-02-11 23:25:56,68.32313,-23.64094,0.6299999952316284
1405,800004,2006-02-11 23:43:56,68.32057,-23.65175,0.6299999952316284
1428,800004,2006-02-12 03:24:46,68.26692,-23.81702,0.6299999952316284
1429,800004,2006-02-12 03:42:46,68.26129,-23.83342,0.6299999952316284
1430,800004,2006-02-12 07:24:38,68.19892,-24.03794,0.5699999928474426
1431,800004,2006-02-12 07:42:38,68.19547,-24.05167,0.5699999928474426
1432,800004,2006-02-12 11:25:50,68.16097,-24.17987,0.5699999928474426
1433,800004,2006-02-12 11:43:50,68.15784,-24.18951,0.5699999928474426
1434,800004,2006-02-12 15:24:45,68.10755,-24.32558,0.7300000190734863
1435,800004,2006-02-12 15:42:45,68.10241,-24.33859,0.7300000190734863
1436,800004,2006-02-12 19:25:45,68.04591,-24.45855,0.6700000166893005
1437,800004,2006-02-12 19:43:45,68.04215,-24.46336,0.6700000166893005
1438,800004,2006-02-12 23:25:03,67.99376,-24.48379,0.6700000166893005
1439,800004,2006-02-12 23:43:03,67.98963,-24.4841,0.6700000166893005
1464,800004,2006-02-13 03:25:03,67.91853,-24.55484,0.6700000166893005
1465,800004,2006-02-13 03:43:03,67.91246,-24.56578,0.6700000166893005
1466,800004,2006-02-13 07:24:22,67.84799,-24.7124,0.6499999761581421
1467,800004,2006-02-13 07:42:22,67.84385,-24.7244,0.6499999761581421
1468,800004,2006-02-13 11:25:27,67.81451,-24.86296,0.6499999761581421
1469,800004,2006-02-13 11:43:27,67.81292,-24.87673,0.6499999761581421
1470,800004,2006-02-13 15:25:39,67.79756,-25.13135,0.6499999761581421
1471,800004,2006-02-13 15:43:39,67.79599,-25.1551,0.6499999761581421
1474,800004,2006-02-13 23:24:57,67.71371,-25.53228,0.7799999713897705
1475,800004,2006-02-13 23:42:57,67.70924,-25.54039,0.7799999713897705
1500,800004,2006-02-14 03:24:52,67.63292,-25.70966,0.7799999713897705
1501,800004,2006-02-14 03:42:52,67.62484,-25.72963,0.7799999713897705
1502,800004,2006-02-14 07:24:46,67.52203,-25.97958,0.699999988079071
1503,800004,2006-02-14 07:42:46,67.51566,-25.99864,0.699999988079071
1506,800004,2006-02-14 15:25:22,67.35624,-26.49805,0.7699999809265137
1507,800004,2006-02-14 15:43:22,67.34927,-26.53245,0.7699999809265137
1508,800004,2006-02-14 19:25:20,67.27138,-26.87948,0.7699999809265137
1891,800004,2006-02-25 23:24:57,66.59012,-27.92553,0.6600000262260437
1892,800004,2006-02-25 23:42:57,66.59197,-27.92172,0.6600000262260437
1914,800004,2006-02-26 03:25:26,66.60299,-27.93533,0.6600000262260437
1915,800004,2006-02-26 03:43:26,66.60306,-27.93806,0.6600000262260437
1916,800004,2006-02-26 07:24:50,66.61151,-27.96366,0.6600000262260437
1917,800004,2006-02-26 07:42:50,66.61316,-27.96297,0.6600000262260437
1918,800004,2006-02-26 11:24:21,66.61026,-27.92443,0.6600000262260437
1919,800004,2006-02-26 11:42:21,66.60791,-27.92342,0.6600000262260437
1920,800004,2006-02-26 15:24:50,66.5659,-27.9264,0.6600000262260437
1921,800004,2006-02-26 15:42:50,66.56205,-27.92596,0.6600000262260437
1922,800004,2006-02-26 19:25:26,66.51933,-27.89475,0.6600000262260437
1923,800004,2006-02-26 19:43:26,66.516,-27.88862,0.6600000262260437
1924,800004,2006-02-26 23:25:15,66.46143,-27.8246,0.6600000262260437
1925,800004,2006-02-26 23:43:15,66.456,-27.82216,0.6600000262260437
1947,800004,2006-02-27 03:25:12,66.37959,-27.84364,0.5199999809265137
1948,800004,2006-02-27 03:43:12,66.37389,-27.84855,0.5199999809265137
1949,800004,2006-02-27 07:24:22,66.32779,-27.89231,0.5199999809265137
1950,800004,2006-02-27 07:42:22,66.32614,-27.89189,0.5199999809265137
1951,800004,2006-02-27 11:24:50,66.30485,-27.88483,0.5199999809265137
1952,800004,2006-02-27 11:42:50,66.30371,-27.88674,0.5199999809265137
1953,800004,2006-02-27 15:25:26,66.30409,-27.92302,0.5199999809265137
1954,800004,2006-02-27 15:43:26,66.30517,-27.9291,0.5199999809265137
1955,800004,2006-02-27 19:25:02,66.34554,-27.99737,0.5199999809265137
1956,800004,2006-02-27 19:43:02,66.35129,-28.00427,0.5199999809265137
1957,800004,2006-02-27 23:25:50,66.4276,-28.04994,0.5199999809265137
1958,800004,2006-02-27 23:43:50,66.43199,-28.05006,0.5199999809265137
1982,800004,2006-02-28 03:24:21,66.44833,-28.07421,0.6600000262260437
1983,800004,2006-02-28 03:42:21,66.44799,-28.08149,0.6600000262260437
1986,800004,2006-02-28 11:24:44,66.49312,-28.04927,0.6600000262260437
1987,800004,2006-02-28 11:42:44,66.49268,-28.03974,0.6600000262260437
1988,800004,2006-02-28 15:25:14,66.45746,-27.9799,0.6600000262260437
1989,800004,2006-02-28 15:43:14,66.45354,-27.97923,0.6600000262260437
1990,800004,2006-02-28 19:25:56,66.42262,-27.96309,0.5199999809265137
1991,800004,2006-02-28 19:43:56,66.42219,-27.95701,0.5199999809265137
1992,800004,2006-02-28 23:25:45,66.42416,-27.86706,0.6600000262260437
1993,800004,2006-02-28 23:43:45,66.42478,-27.86099,0.6600000262260437
2014,800004,2006-03-01 03:25:07,66.41807,-27.81811,0.4099999964237213
2015,800004,2006-03-01 03:43:07,66.41589,-27.82074,0.4099999964237213
2016,800004,2006-03-01 07:24:22,66.40919,-27.89197,0.33000001311302185
2017,800004,2006-03-01 07:42:22,66.41109,-27.89787,0.33000001311302185
2018,800004,2006-03-01 11:25:39,66.45396,-27.92227,0.4099999964237213
2019,800004,2006-03-01 11:43:39,66.45686,-27.92205,0.4099999964237213
2020,800004,2006-03-01 15:25:32,66.45646,-27.963,0.4099999964237213
2021,800004,2006-03-01 15:43:32,66.4543,-27.97173,0.4099999964237213
2022,800004,2006-03-01 19:25:33,66.4279,-28.10895,0.33000001311302185
2023,800004,2006-03-01 19:43:33,66.42714,-28.12103,0.33000001311302185
2024,800004,2006-03-01 23:25:03,66.43367,-28.20935,0.38999998569488525
2025,800004,2006-03-01 23:43:03,66.43418,-28.21154,0.38999998569488525
2047,800004,2006-03-02 03:25:20,66.42009,-28.24739,0.38999998569488525
2048,800004,2006-03-02 03:43:20,66.41643,-28.25476,0.38999998569488525
2049,800004,2006-03-02 07:25:14,66.38105,-28.36251,0.38999998569488525
2050,800004,2006-03-02 07:43:14,66.38049,-28.36953,0.38999998569488525
2051,800004,2006-03-02 11:24:27,66.39095,-28.38454,0.38999998569488525
2052,800004,2006-03-02 11:42:27,66.39199,-28.38209,0.38999998569488525
2053,800004,2006-03-02 15:25:14,66.38311,-28.34382,0.38999998569488525
2054,800004,2006-03-02 15:43:14,66.38023,-28.34356,0.38999998569488525
2055,800004,2006-03-02 19:24:16,66.34286,-28.37057,0.38999998569488525
2056,800004,2006-03-02 19:42:16,66.34103,-28.37275,0.38999998569488525
2057,800004,2006-03-02 23:25:39,66.3526,-28.37031,0.38999998569488525
2058,800004,2006-03-02 23:43:39,66.3552,-28.36447,0.38999998569488525
2081,800004,2006-03-03 03:25:31,66.37035,-28.26184,0.38999998569488525
2082,800004,2006-03-03 03:43:31,66.36886,-28.25478,0.38999998569488525
2083,800004,2006-03-03 07:25:43,66.34388,-28.20897,0.33000001311302185
2084,800004,2006-03-03 07:43:43,66.34262,-28.20758,0.33000001311302185
2085,800004,2006-03-03 11:25:45,66.35743,-28.14882,0.33000001311302185
2086,800004,2006-03-03 11:43:45,66.35946,-28.13814,0.33000001311302185
2087,800004,2006-03-03 15:25:14,66.34786,-27.97786,0.33000001311302185
2088,800004,2006-03-03 15:43:14,66.34254,-27.96902,0.33000001311302185
2089,800004,2006-03-03 19:24:56,66.27682,-27.98648,0.33000001311302185
2090,800004,2006-03-03 19:42:56,66.27241,-27.99126,0.33000001311302185
2091,800004,2006-03-03 23:25:50,66.25421,-27.96923,0.33000001311302185
2092,800004,2006-03-03 23:43:50,66.25327,-27.96369,0.33000001311302185
2115,800004,2006-03-04 03:25:14,66.21634,-27.88886,0.33000001311302185
2116,800004,2006-03-04 03:43:14,66.21166,-27.88987,0.33000001311302185
2117,800004,2006-03-04 07:25:20,66.1579,-27.95048,0.23999999463558197
2118,800004,2006-03-04 07:43:20,66.15534,-27.95658,0.23999999463558197
2119,800004,2006-03-04 11:25:15,66.14408,-28.01686,0.23999999463558197
2120,800004,2006-03-04 11:43:15,66.14415,-28.02037,0.23999999463558197
2121,800004,2006-03-04 15:25:03,66.14107,-28.04004,0.23999999463558197
2122,800004,2006-03-04 15:43:03,66.13952,-28.04212,0.23999999463558197
2123,800004,2006-03-04 19:24:28,66.10308,-28.11918,0.23999999463558197
2124,800004,2006-03-04 19:42:28,66.10119,-28.12904,0.23999999463558197
2125,800004,2006-03-04 23:25:27,66.10457,-28.26024,0.23999999463558197
2126,800004,2006-03-04 23:43:27,66.10614,-28.27068,0.23999999463558197
2149,800004,2006-03-05 03:25:56,66.12428,-28.38204,0.23999999463558197
2150,800004,2006-03-05 03:43:56,66.1249,-28.39065,0.30000001192092896
2151,800004,2006-03-05 07:25:57,66.13139,-28.51062,0.30000001192092896
2152,800004,2006-03-05 07:43:57,66.13336,-28.51992,0.30000001192092896
2153,800004,2006-03-05 11:24:57,66.16154,-28.64085,0.30000001192092896
2154,800004,2006-03-05 11:42:57,66.16586,-28.64747,0.30000001192092896
2155,800004,2006-03-05 15:25:20,66.21433,-28.63735,0.30000001192092896
2156,800004,2006-03-05 15:43:20,66.21697,-28.63433,0.30000001192092896
2157,800004,2006-03-05 19:25:07,66.23222,-28.56523,0.30000001192092896
2158,800004,2006-03-05 19:43:07,66.23186,-28.5597,0.30000001192092896
2159,800004,2006-03-05 23:24:56,66.23097,-28.52505,0.30000001192092896
2160,800004,2006-03-05 23:42:56,66.23164,-28.522,0.30000001192092896
2182,800004,2006-03-06 04:04:40,66.23918,-28.48337,0.30000001192092896
2183,800004,2006-03-06 04:22:40,66.23927,-28.48389,0.30000001192092896
2184,800004,2006-03-06 08:06:19,66.22489,-28.51439,0.30000001192092896
2185,800004,2006-03-06 08:24:19,66.22297,-28.51896,0.30000001192092896
2186,800004,2006-03-06 12:06:04,66.20421,-28.62039,0.30000001192092896
2187,800004,2006-03-06 12:24:04,66.20344,-28.63242,0.30000001192092896
2188,800004,2006-03-06 15:25:44,66.20098,-28.77786,0.30000001192092896
2189,800004,2006-03-06 15:43:44,66.20014,-28.79291,0.30000001192092896
2190,800004,2006-03-06 19:25:14,66.17168,-28.99478,0.3100000023841858
2191,800004,2006-03-06 19:43:14,66.16839,-29.01227,0.3100000023841858
2192,800004,2006-03-06 23:25:09,66.14407,-29.23638,0.3100000023841858
2193,800004,2006-03-06 23:43:09,66.14388,-29.25358,0.3100000023841858
2218,800004,2006-03-07 03:25:44,66.15987,-29.39405,0.3100000023841858
2219,800004,2006-03-07 03:43:44,66.16189,-29.40126,0.3100000023841858
2220,800004,2006-03-07 07:25:08,66.17583,-29.48173,0.3100000023841858
2221,800004,2006-03-07 07:43:08,66.1761,-29.48949,0.27000001072883606
2222,800004,2006-03-07 11:25:36,66.186,-29.60742,0.27000001072883606
2223,800004,2006-03-07 11:43:36,66.18774,-29.61667,0.27000001072883606
2224,800004,2006-03-07 15:24:21,66.21897,-29.69862,0.27000001072883606
2225,800004,2006-03-07 15:42:21,66.22174,-29.70191,0.27000001072883606
2226,800004,2006-03-07 19:25:33,66.24912,-29.75645,0.27000001072883606
2227,800004,2006-03-07 19:43:33,66.25019,-29.76201,0.27000001072883606
2228,800004,2006-03-07 23:25:15,66.27048,-29.8851,0.27000001072883606
2229,800004,2006-03-07 23:43:15,66.27293,-29.89446,0.27000001072883606
2252,800004,2006-03-08 03:25:50,66.30826,-29.99962,0.3700000047683716
2253,800004,2006-03-08 03:43:50,66.31079,-30.00579,0.3700000047683716
2254,800004,2006-03-08 07:25:26,66.33219,-30.07908,0.3700000047683716
2255,800004,2006-03-08 07:43:26,66.33273,-30.08463,0.3700000047683716
2256,800004,2006-03-08 11:25:21,66.34029,-30.16289,0.3700000047683716
2257,800004,2006-03-08 11:43:21,66.34115,-30.1677,0.3700000047683716
2258,800004,2006-03-08 15:25:56,66.3518,-30.19673,0.3700000047683716
2259,800004,2006-03-08 15:43:56,66.35236,-30.19738,0.3700000047683716
2260,800004,2006-03-08 19:25:45,66.36011,-30.19163,0.3700000047683716
2261,800004,2006-03-08 19:43:45,66.3601,-30.19173,0.3700000047683716
2262,800004,2006-03-08 23:25:09,66.34925,-30.24537,0.3700000047683716
2263,800004,2006-03-08 23:43:09,66.34845,-30.2528,0.3700000047683716
2283,800004,2006-03-09 03:25:44,66.34779,-30.34976,0.3700000047683716
2284,800004,2006-03-09 03:43:44,66.3479,-30.35653,0.3700000047683716
2285,800004,2006-03-09 07:25:32,66.3396,-30.44125,0.3700000047683716
2286,800004,2006-03-09 07:43:32,66.33868,-30.44813,0.3700000047683716
2287,800004,2006-03-09 11:25:39,66.31241,-30.54272,0.6000000238418579
2288,800004,2006-03-09 11:43:39,66.30975,-30.55274,0.6000000238418579
2289,800004,2006-03-09 15:25:56,66.27587,-30.71801,0.550000011920929
2290,800004,2006-03-09 15:43:56,66.27318,-30.73212,0.550000011920929
2291,800004,2006-03-09 19:24:22,66.23588,-30.87822,0.550000011920929
2292,800004,2006-03-09 19:42:22,66.23229,-30.8883,0.550000011920929
2293,800004,2006-03-09 23:25:27,66.18294,-31.00114,0.550000011920929
2294,800004,2006-03-09 23:43:27,66.17845,-31.01072,0.550000011920929
2316,800004,2006-03-10 03:25:20,66.12724,-31.15124,0.550000011920929
2317,800004,2006-03-10 03:43:20,66.12378,-31.16366,0.550000011920929
2318,800004,2006-03-10 07:25:57,66.08314,-31.31572,0.7400000095367432
2319,800004,2006-03-10 07:43:57,66.0801,-31.3269,0.7400000095367432
2320,800004,2006-03-10 11:26:13,66.03713,-31.44712,0.7400000095367432
2321,800004,2006-03-10 11:44:13,66.03288,-31.45773,0.7400000095367432
2322,800004,2006-03-10 15:24:51,65.98853,-31.61576,0.7400000095367432
2323,800004,2006-03-10 15:42:51,65.98532,-31.62848,0.7400000095367432
2324,800004,2006-03-10 19:24:22,65.94954,-31.78545,0.7400000095367432
2325,800004,2006-03-10 19:42:22,65.94685,-31.79871,0.7400000095367432
2326,800004,2006-03-10 23:25:33,65.91594,-31.97614,0.6800000071525574
2327,800004,2006-03-10 23:43:33,65.91286,-31.98907,0.6800000071525574
2351,800004,2006-03-11 03:25:07,65.8682,-32.13188,0.6800000071525574
2352,800004,2006-03-11 03:43:07,65.86425,-32.14329,0.6800000071525574
2353,800004,2006-03-11 07:25:20,65.81985,-32.31049,0.6800000071525574
2354,800004,2006-03-11 07:43:20,65.817,-32.32697,0.6800000071525574
2357,800004,2006-03-11 15:25:20,65.77206,-32.76209,0.5600000023841858
2358,800004,2006-03-11 15:43:20,65.77011,-32.77502,0.5600000023841858
2359,800004,2006-03-11 19:25:20,65.74113,-32.92633,0.5600000023841858
2360,800004,2006-03-11 19:43:20,65.73885,-32.93947,0.5600000023841858
2361,800004,2006-03-11 23:24:38,65.71155,-33.10984,0.5600000023841858
2362,800004,2006-03-11 23:42:38,65.70968,-33.12502,0.699999988079071
2386,800004,2006-03-12 03:25:20,65.67866,-33.30201,0.699999988079071
2387,800004,2006-03-12 03:43:20,65.67567,-33.31649,0.699999988079071
2388,800004,2006-03-12 07:24:28,65.63567,-33.44851,0.699999988079071
2389,800004,2006-03-12 07:42:28,65.63184,-33.45821,0.699999988079071
2390,800004,2006-03-12 11:25:09,65.58285,-33.59326,0.44999998807907104
2391,800004,2006-03-12 11:43:09,65.57935,-33.60309,0.44999998807907104
2392,800004,2006-03-12 16:05:24,65.52191,-33.77314,0.6200000047683716
2393,800004,2006-03-12 16:23:24,65.51787,-33.78697,0.6200000047683716
2394,800004,2006-03-12 20:05:00,65.47331,-33.93858,0.6200000047683716
2395,800004,2006-03-12 20:23:00,65.47057,-33.95221,0.6200000047683716
2419,800004,2006-03-13 00:06:02,65.46491,-34.11616,0.6200000047683716
2420,800004,2006-03-13 00:24:02,65.46413,-34.12617,0.6200000047683716
2421,800004,2006-03-13 04:05:07,65.4578,-34.25877,0.3400000035762787
2422,800004,2006-03-13 04:23:07,65.4566,-34.26968,0.3400000035762787
2423,800004,2006-03-13 08:04:54,65.43354,-34.41731,0.5099999904632568
2424,800004,2006-03-13 08:22:54,65.43132,-34.43118,0.5099999904632568
2425,800004,2006-03-13 12:05:24,65.40408,-34.60636,0.5099999904632568
2426,800004,2006-03-13 12:23:24,65.40172,-34.62063,0.5099999904632568
2427,800004,2006-03-13 15:24:45,65.37132,-34.7618,0.5099999904632568
2428,800004,2006-03-13 15:42:45,65.36696,-34.77648,0.5099999904632568
2429,800004,2006-03-13 19:25:51,65.30192,-34.96966,0.6899999976158142
2430,800004,2006-03-13 19:43:51,65.29783,-34.98565,0.4399999976158142
2431,800004,2006-03-13 23:25:21,65.25374,-35.17723,0.4399999976158142
2432,800004,2006-03-13 23:43:21,65.25066,-35.19064,0.4399999976158142
2454,800004,2006-03-14 03:25:56,65.21418,-35.34901,0.4399999976158142
2455,800004,2006-03-14 03:43:56,65.21099,-35.36261,0.4399999976158142
2456,800004,2006-03-14 07:25:33,65.16907,-35.54409,0.6200000047683716
2457,800004,2006-03-14 07:43:33,65.16551,-35.55974,0.6200000047683716
2458,800004,2006-03-14 11:25:12,65.1288,-35.76526,0.3499999940395355
2459,800004,2006-03-14 11:43:12,65.12675,-35.7826,0.3499999940395355
2460,800004,2006-03-14 15:25:44,65.11261,-36.01407,0.3499999940395355
2461,800004,2006-03-14 15:43:44,65.11255,-36.03458,0.3499999940395355
2462,800004,2006-03-14 19:25:52,65.11613,-36.33683,0.4699999988079071
2463,800004,2006-03-14 19:43:52,65.11585,-36.36111,0.4699999988079071
2464,800004,2006-03-14 23:25:09,65.10828,-36.66957,0.550000011920929
2465,800004,2006-03-14 23:43:09,65.10862,-36.69891,0.550000011920929
2488,800004,2006-03-15 03:24:58,65.09842,-37.05677,0.550000011920929
2489,800004,2006-03-15 03:42:58,65.0967,-37.08483,0.550000011920929
2490,800004,2006-03-15 07:24:43,65.07569,-37.407,0.6899999976158142
2491,800004,2006-03-15 07:42:43,65.07232,-37.43332,0.6899999976158142
2493,800004,2006-03-15 11:43:50,65.02514,-37.7103,0.6700000166893005
2494,800004,2006-03-15 15:25:56,64.99499,-37.84309,0.6700000166893005
2495,800004,2006-03-15 15:43:56,64.99307,-37.84883,0.6700000166893005
2496,800004,2006-03-15 19:25:45,64.96592,-37.9128,0.6700000166893005
2497,800004,2006-03-15 19:43:45,64.96339,-37.91823,0.6700000166893005
2498,800004,2006-03-15 23:25:42,64.92916,-37.98664,0.6700000166893005
2499,800004,2006-03-15 23:43:42,64.92636,-37.99221,0.6700000166893005
2522,800004,2006-03-16 03:24:21,64.89603,-38.06255,0.6700000166893005
2523,800004,2006-03-16 03:42:21,64.89372,-38.06809,0.6700000166893005
2524,800004,2006-03-16 07:25:39,64.86475,-38.14456,0.6700000166893005
2525,800004,2006-03-16 07:43:39,64.86219,-38.15115,0.6700000166893005
2526,800004,2006-03-16 11:25:21,64.82946,-38.22992,0.5
2527,800004,2006-03-16 11:43:21,64.82694,-38.23528,0.5
2565,800004,2006-03-17 19:24:44,64.61723,-38.5638,0.699999988079071
2566,800004,2006-03-17 19:42:44,64.61544,-38.5656,0.699999988079071
2567,800004,2006-03-17 23:24:44,64.58918,-38.58784,0.699999988079071
2568,800004,2006-03-17 23:42:44,64.58704,-38.58936,0.699999988079071
2592,800004,2006-03-18 03:25:50,64.56563,-38.60372,0.699999988079071
2593,800004,2006-03-18 03:43:50,64.56429,-38.60476,0.699999988079071
2594,800004,2006-03-18 07:25:13,64.54634,-38.61957,0.699999988079071
2595,800004,2006-03-18 07:43:13,64.54447,-38.62093,0.699999988079071
2596,800004,2006-03-18 11:24:44,64.51625,-38.63753,0.699999988079071
2597,800004,2006-03-18 11:42:44,64.51391,-38.6387,0.699999988079071
2598,800004,2006-03-18 15:25:03,64.49044,-38.65672,0.699999988079071
2599,800004,2006-03-18 15:43:03,64.48909,-38.65814,0.699999988079071
2600,800004,2006-03-18 19:24:44,64.4725,-38.67446,0.699999988079071
2601,800004,2006-03-18 19:42:44,64.47076,-38.67595,0.699999988079071
2602,800004,2006-03-18 23:25:39,64.44306,-38.6973,0.699999988079071
2603,800004,2006-03-18 23:43:39,64.44069,-38.69908,0.699999988079071
2622,800004,2006-03-19 03:26:13,64.41337,-38.72286,0.4699999988079071
2623,800004,2006-03-19 07:26:12,64.38936,-38.76005,0.4699999988079071
2624,800004,2006-03-19 11:25:50,64.35523,-38.84235,0.4699999988079071
2625,800004,2006-03-19 15:26:04,64.32703,-38.89438,0.4699999988079071
2626,800004,2006-03-19 19:25:45,64.30201,-38.95391,0.75
2627,800004,2006-03-19 23:25:39,64.27134,-39.0207,0.75
2650,800004,2006-03-20 03:25:38,64.24338,-39.07482,0.75
2651,800004,2006-03-20 07:25:08,64.21875,-39.11743,0.75
2652,800004,2006-03-20 11:25:37,64.1845,-39.17541,0.5099999904632568
2653,800004,2006-03-20 15:25:26,64.14866,-39.25439,0.5099999904632568
2654,800004,2006-03-20 19:25:20,64.11564,-39.35579,0.5099999904632568
2655,800004,2006-03-20 23:25:15,64.07654,-39.50244,0.7200000286102295
2679,800004,2006-03-21 03:26:10,64.02299,-39.70392,0.7200000286102295
2680,800004,2006-03-21 07:24:44,63.98013,-39.89596,0.5400000214576721
2683,800004,2006-03-21 19:26:09,63.76175,-40.11283,0.7200000286102295
2684,800004,2006-03-21 23:26:13,63.64562,-40.05814,0.4300000071525574
2707,800004,2006-03-22 03:25:39,63.53066,-39.9863,0.36000001430511475
2708,800004,2006-03-22 07:25:38,63.40001,-39.99804,0.36000001430511475
2709,800004,2006-03-22 11:25:03,63.2536,-40.14497,0.6100000143051147
7265,900003,2006-08-24 22:01:06,74.3971,-135.8637,0.7699999809265137
7285,900003,2006-08-25 00:01:01,74.3914,-135.8976,0.7699999809265137
7286,900003,2006-08-25 02:01:34,74.3832,-135.9197,0.7699999809265137
7287,900003,2006-08-25 04:00:55,74.3734,-135.931,0.7699999809265137
7288,900003,2006-08-25 08:01:37,74.3525,-135.9792,0.7699999809265137
7289,900003,2006-08-25 10:01:06,74.3471,-136.0197,0.7699999809265137
7290,900003,2006-08-25 12:01:10,74.3444,-136.0628,0.7699999809265137
7291,900003,2006-08-25 14:01:35,74.3423,-136.0974,0.7699999809265137
7292,900003,2006-08-25 18:01:02,74.3369,-136.1463,0.7699999809265137
7293,900003,2006-08-25 20:01:07,74.3332,-136.1688,0.7699999809265137
7294,900003,2006-08-25 22:01:06,74.3285,-136.1983,0.7699999809265137
7314,900003,2006-08-26 00:01:01,74.3269,-136.23,0.7699999809265137
7315,900003,2006-08-26 02:01:35,74.3295,-136.2484,0.7699999809265137
7316,900003,2006-08-26 04:00:55,74.3324,-136.2481,0.7699999809265137
7317,900003,2006-08-26 06:01:29,74.3316,-136.2392,0.7699999809265137
7318,900003,2006-08-26 10:01:36,74.3234,-136.2466,0.7699999809265137
7319,900003,2006-08-26 12:01:07,74.3221,-136.2625,0.7699999809265137
7320,900003,2006-08-26 14:01:37,74.3226,-136.2692,0.7699999809265137
7321,900003,2006-08-26 16:00:55,74.3217,-136.2632,0.7699999809265137
7322,900003,2006-08-26 18:00:55,74.3168,-136.2516,0.7699999809265137
7323,900003,2006-08-26 20:01:35,74.3089,-136.2453,0.7699999809265137
7324,900003,2006-08-26 22:01:00,74.3017,-136.2433,0.7699999809265137
7342,900003,2006-08-27 00:01:35,74.2965,-136.236,0.7699999809265137
7343,900003,2006-08-27 04:00:55,74.2865,-136.1914,0.7699999809265137
7344,900003,2006-08-27 08:01:37,74.2723,-136.1525,0.7699999809265137
7345,900003,2006-08-27 10:01:06,74.2681,-136.1386,0.7699999809265137
7346,900003,2006-08-27 14:01:37,74.2625,-136.0966,0.7699999809265137
7347,900003,2006-08-27 16:01:07,74.2592,-136.0701,0.7699999809265137
7348,900003,2006-08-27 18:00:59,74.2552,-136.0377,0.7699999809265137
7349,900003,2006-08-27 20:01:07,74.2515,-136.0038,0.7699999809265137
7350,900003,2006-08-27 22:01:54,74.2468,-135.9724,0.7699999809265137
7371,900003,2006-08-28 00:01:02,74.2424,-135.9411,0.7699999809265137
7372,900003,2006-08-28 02:02:06,74.2379,-135.9077,0.7699999809265137
7373,900003,2006-08-28 04:01:00,74.2328,-135.8758,0.7699999809265137
7374,900003,2006-08-28 06:00:56,74.2271,-135.8491,0.7699999809265137
7375,900003,2006-08-28 08:01:35,74.223,-135.8231,0.7900000214576721
7376,900003,2006-08-28 12:01:01,74.2178,-135.7761,0.7900000214576721
7377,900003,2006-08-28 14:01:31,74.2136,-135.7586,0.7900000214576721
7378,900003,2006-08-28 16:00:54,74.2104,-135.7444,0.7900000214576721
7379,900003,2006-08-28 18:01:01,74.2083,-135.7334,0.7900000214576721
7380,900003,2006-08-28 20:01:07,74.2076,-135.7202,0.7900000214576721
7401,900003,2006-08-29 00:01:01,74.2046,-135.6884,0.7900000214576721
7402,900003,2006-08-29 02:01:35,74.203,-135.6817,0.7900000214576721
7403,900003,2006-08-29 04:01:35,74.2014,-135.6807,0.7900000214576721
7404,900003,2006-08-29 06:01:54,74.2009,-135.6827,0.7900000214576721
7405,900003,2006-08-29 08:01:35,74.2004,-135.6838,0.7900000214576721
7406,900003,2006-08-29 10:01:01,74.2014,-135.6884,0.7900000214576721
7407,900003,2006-08-29 12:01:35,74.2033,-135.6893,0.7900000214576721
7408,900003,2006-08-29 14:01:37,74.2035,-135.6875,0.7900000214576721
7409,900003,2006-08-29 16:01:11,74.2025,-135.6912,0.7900000214576721
7410,900003,2006-08-29 18:01:07,74.2023,-135.7071,0.7900000214576721
7411,900003,2006-08-29 20:01:35,74.2043,-135.7233,0.7900000214576721
7412,900003,2006-08-29 22:01:30,74.2077,-135.7342,0.7900000214576721
7432,900003,2006-08-30 00:01:02,74.2093,-135.7402,0.7900000214576721
7433,900003,2006-08-30 04:01:07,74.2071,-135.751,0.7900000214576721
7434,900003,2006-08-30 06:01:54,74.2059,-135.7587,0.7900000214576721
7435,900003,2006-08-30 08:01:37,74.2051,-135.7679,0.7900000214576721
7436,900003,2006-08-30 12:01:05,74.2067,-135.7703,0.7900000214576721
7437,900003,2006-08-30 14:01:53,74.2032,-135.757,0.7900000214576721
7438,900003,2006-08-30 16:00:36,74.1967,-135.7505,0.7900000214576721
7439,900003,2006-08-30 18:01:10,74.1901,-135.7529,0.7900000214576721
7440,900003,2006-08-30 20:01:34,74.1847,-135.7565,0.7900000214576721
7441,900003,2006-08-30 22:01:31,74.1845,-135.7569,0.7900000214576721
7456,900003,2006-08-31 00:01:30,74.1856,-135.7373,0.7900000214576721
7457,900003,2006-08-31 02:01:07,74.1835,-135.7067,0.7900000214576721
7458,900003,2006-08-31 04:00:54,74.1782,-135.6866,0.7900000214576721
7459,900003,2006-08-31 08:01:29,74.1709,-135.6681,0.7699999809265137
7460,900003,2006-08-31 10:00:54,74.1664,-135.6515,0.7699999809265137
7461,900003,2006-08-31 12:01:01,74.1568,-135.6308,0.7699999809265137
7462,900003,2006-08-31 14:01:12,74.1443,-135.6175,0.7699999809265137
7463,900003,2006-08-31 16:00:36,74.1329,-135.6241,0.7699999809265137
7464,900003,2006-08-31 18:02:00,74.1276,-135.6399,0.7699999809265137
7465,900003,2006-08-31 20:01:37,74.1267,-135.6419,0.7699999809265137
7466,900003,2006-08-31 22:01:06,74.1246,-135.6329,0.7699999809265137
